File Name,Item#,Date_IV,Obs#,Port#,Label,Exp_Flux,Exp_FluxCV,Exp_R2,Lin_Flux,Lin_FluxCV,Lin_R2,Tcham_IV,CO2_IV
Ring3_Auto,163,15/06/2020 21:04,1,0,3,2.1,1.1,0.9969,1.9,1.2,0.9964,10.18,473.2
Ring3_Auto,139,15/06/2020 21:34,2,0,3,2.18,1.2,0.9932,1.92,1.2,0.9926,10.18,485.73
Ring3_Auto,102,15/06/2020 22:04,3,0,3,1.99,1.1,0.9985,1.87,1.1,0.9983,10.08,498.69
Ring3_Auto,127,15/06/2020 22:34,4,0,3,2.08,1.2,0.9949,1.82,1.2,0.9941,9,489.37
Ring3_Auto,78,15/06/2020 23:04,5,0,3,2.04,1.2,0.9957,1.84,1.2,0.9952,8.95,508.18
Ring3_Auto,137,15/06/2020 23:34,6,0,3,1.9,1.1,0.9988,1.89,1.1,0.9988,8.39,486.32
Ring3_Auto,146,16/06/2020 0:04,7,0,3,2.03,1.2,0.9954,1.79,1.2,0.9948,7.99,481.56
Ring3_Auto,136,16/06/2020 0:34,8,0,3,2.02,1.2,0.9965,1.82,1.2,0.996,7.74,486.72
Ring3_Auto,56,16/06/2020 1:04,9,0,3,1.99,1.2,0.9922,1.74,1.3,0.9916,7.11,516.96
Ring3_Auto,69,16/06/2020 1:34,10,0,3,2,1.2,0.9961,1.77,1.2,0.9955,7.32,511.5
Ring3_Auto,118,16/06/2020 2:04,11,0,3,2.08,1.2,0.9956,1.79,1.2,0.9947,7.32,492.32
Ring3_Auto,33,16/06/2020 2:34,12,0,3,1.88,1.1,0.9984,1.74,1.1,0.9981,6.73,530.12
Ring3_Auto,67,16/06/2020 3:04,13,0,3,1.91,1.1,0.998,1.76,1.1,0.9977,6.54,512.52
Ring3_Auto,85,16/06/2020 3:34,14,0,3,1.9,1.1,0.9981,1.75,1.1,0.9977,7.06,505.47
Ring3_Auto,34,16/06/2020 4:04,15,0,3,1.61,1.2,0.9972,1.61,1.2,0.9972,6.4,529.65
Ring3_Auto,88,16/06/2020 4:34,16,0,3,2,1.2,0.9947,1.72,1.2,0.9938,6.19,505.33
Ring3_Auto,7,16/06/2020 5:04,17,0,3,2.88,1.2,0.9917,2.2,1.3,0.9891,6.13,576.38
Ring3_Auto,3,16/06/2020 5:34,18,0,3,2.06,1.2,0.9949,1.82,1.2,0.9942,6.26,657.84
Ring3_Auto,26,16/06/2020 6:04,19,0,3,1.97,1.2,0.9964,1.79,1.2,0.996,5.77,536.32
Ring3_Auto,30,16/06/2020 6:34,20,0,3,1.91,1.2,0.9962,1.71,1.2,0.9957,5.9,532.95
Ring3_Auto,1,16/06/2020 7:34,22,0,3,2.79,1.2,0.9915,2.18,1.3,0.9893,5.8,805.29
Ring3_Auto,5,16/06/2020 8:04,23,0,3,2.11,1.1,0.9972,1.87,1.2,0.9965,6.35,597.5
Ring3_Auto,144,16/06/2020 8:34,24,0,3,1.86,1.2,0.9964,1.74,1.2,0.9963,8.07,483.39
Ring3_Auto,182,16/06/2020 9:04,25,0,3,2.26,1.2,0.9899,1.81,1.3,0.9882,9.65,463.33
Ring3_Auto,2,16/06/2020 9:34,26,0,3,2.14,1.3,0.988,1.83,1.3,0.9874,11.25,772.33
Ring3_Auto,201,16/06/2020 10:04,27,0,3,2.29,1.2,0.9944,1.92,1.2,0.9931,13.37,449.73
Ring3_Auto,204,16/06/2020 10:34,28,0,3,2.28,1.1,0.9981,1.99,1.1,0.9971,15.94,447.56
Ring3_Auto,221,16/06/2020 11:04,29,0,3,2.65,1.1,0.9961,2.08,1.2,0.9936,16.99,435.8
Ring3_Auto,80,16/06/2020 11:34,30,0,3,1.65,2.1,0.9401,1.65,2.1,0.9401,19.4,507.63
Ring3_Auto,289,16/06/2020 12:04,31,0,3,1.99,1.1,0.9982,1.87,1.1,0.998,20.09,411.56
Ring3_Auto,291,16/06/2020 12:34,32,0,3,2.38,1.3,0.9892,2.11,1.3,0.9889,21.94,410.32
Ring3_Auto,293,16/06/2020 13:04,33,0,3,1.94,1.2,0.9965,1.94,1.2,0.9965,21.68,409.09
Ring3_Auto,294,16/06/2020 13:34,34,0,3,2.24,1.2,0.994,1.96,1.2,0.9933,20.96,406.76
Ring3_Auto,279,16/06/2020 14:04,35,0,3,2.28,1.3,0.9861,1.84,1.4,0.9844,20.58,415.02
Ring3_Auto,283,16/06/2020 14:34,36,0,3,2.04,1.2,0.9922,1.98,1.2,0.9922,19.89,414.12
Ring3_Auto,248,16/06/2020 15:04,37,0,3,2.39,1.2,0.993,1.91,1.3,0.991,19.54,424.39
Ring3_Auto,235,16/06/2020 15:34,38,0,3,2.23,1.2,0.9958,1.93,1.2,0.9949,18.06,430.11
Ring3_Auto,153,16/06/2020 16:04,39,0,3,2.24,1.2,0.991,1.93,1.3,0.9902,16.9,476.72
Ring3_Auto,191,16/06/2020 16:34,40,0,3,2.7,1.1,0.9968,2.05,1.2,0.9937,15.68,459.63
Ring3_Auto,130,16/06/2020 17:04,41,0,3,2.22,1.6,0.9694,2.06,1.1,0.9974,14.47,488.73
Ring3_Auto,154,16/06/2020 17:34,42,0,3,1.97,1.2,0.9922,1.95,1.2,0.9922,13.54,476.38
Ring3_Auto,46,16/06/2020 18:04,43,0,3,2.12,1.2,0.9914,1.85,1.3,0.9909,12.94,520.79
Ring3_Auto,54,16/06/2020 18:34,44,0,3,2.4,1.3,0.9797,1.87,1.5,0.9778,12.83,517
Ring3_Auto,25,16/06/2020 19:04,45,0,3,2.04,1.2,0.9945,1.85,1.2,0.9941,12.17,536.48
Ring3_Auto,9,16/06/2020 19:34,46,0,3,2.18,1.2,0.9953,1.84,1.2,0.994,12,566.72
Ring3_Auto,44,16/06/2020 20:04,47,0,3,2.36,1.2,0.9907,1.9,1.3,0.989,11.63,522.2
Ring3_Auto,84,16/06/2020 20:34,48,0,3,1.99,1.1,0.9986,1.88,1.1,0.9985,10.98,506.22
Ring3_Auto,71,16/06/2020 21:04,49,0,3,2.07,1.2,0.9932,1.85,1.2,0.9928,10.57,510.69
Ring3_Auto,122,16/06/2020 21:34,50,0,3,2.19,1.3,0.987,1.79,1.4,0.986,10.14,490.54
Ring3_Auto,133,16/06/2020 22:04,51,0,3,1.96,1.1,0.9971,1.81,1.2,0.9968,9.55,487.57
Ring3_Auto,143,16/06/2020 22:34,52,0,3,1.98,1.2,0.9951,1.79,1.2,0.9947,9.15,483.84
Ring3_Auto,134,16/06/2020 23:04,53,0,3,1.95,1.1,0.9965,1.75,1.2,0.996,8.56,487.45
Ring3_Auto,96,16/06/2020 23:34,54,0,3,1.89,1.1,0.998,1.74,1.1,0.9976,8.46,501.98
Ring3_Auto,142,17/06/2020 0:04,55,0,3,2,1.2,0.9946,1.75,1.2,0.9939,7.8,484.65
Ring3_Auto,158,17/06/2020 0:34,56,0,3,1.88,1.2,0.996,1.74,1.2,0.9958,7.74,474.42
Ring3_Auto,116,17/06/2020 1:04,57,0,3,1.91,1.2,0.9952,1.69,1.2,0.9946,7.58,494.16
Ring3_Auto,58,17/06/2020 1:34,58,0,3,1.9,1.1,0.9962,1.66,1.2,0.9954,6.95,514.6
Ring3_Auto,98,17/06/2020 2:04,59,0,3,1.9,1.1,0.9969,1.66,1.2,0.996,6.64,499.51
Ring3_Auto,41,17/06/2020 2:34,60,0,3,1.73,1.1,0.9989,1.58,1.1,0.9984,6.43,523.88
Ring3_Auto,100,17/06/2020 3:04,61,0,3,1.89,1.1,0.9978,1.67,1.2,0.997,6.31,499.19
Ring3_Auto,77,17/06/2020 3:34,62,0,3,1.78,1.1,0.9975,1.64,1.1,0.9972,5.76,508.43
Ring3_Auto,43,17/06/2020 4:04,63,0,3,1.74,1.1,0.9988,1.62,1.1,0.9985,5.23,522.88
Ring3_Auto,74,17/06/2020 4:34,64,0,3,1.87,1.2,0.9905,1.59,1.3,0.9897,5.56,509.52
Ring3_Auto,81,17/06/2020 5:04,65,0,3,1.68,1.1,0.9967,1.6,1.2,0.9966,5.55,507.4
Ring3_Auto,64,17/06/2020 5:34,66,0,3,1.8,1.1,0.9985,1.61,1.1,0.9977,5.15,512.88
Ring3_Auto,48,17/06/2020 6:04,67,0,3,1.72,1.1,0.9976,1.56,1.1,0.9972,4.81,519.03
Ring3_Auto,20,17/06/2020 6:34,68,0,3,1.7,1.2,0.9932,1.49,1.2,0.9926,4.99,538.78
Ring3_Auto,40,17/06/2020 7:04,69,0,3,1.68,1.1,0.9968,1.55,1.2,0.9965,5.06,524.66
Ring3_Auto,68,17/06/2020 7:34,70,0,3,1.63,1.1,0.9984,1.54,1.1,0.9982,4.84,512.3
Ring3_Auto,21,17/06/2020 8:04,71,0,3,1.57,1.1,0.9975,1.49,1.1,0.9974,5.15,538.77
Ring3_Auto,36,17/06/2020 8:34,72,0,3,1.68,1.2,0.9961,1.5,1.2,0.9955,6.29,526.51
Ring3_Auto,101,17/06/2020 9:04,73,0,3,1.68,1.2,0.9959,1.56,1.2,0.9957,7.64,499.06
Ring3_Auto,169,17/06/2020 9:34,74,0,3,1.73,1.2,0.9952,1.59,1.2,0.9949,10.12,469.62
Ring3_Auto,197,17/06/2020 10:04,75,0,3,1.75,1.1,0.9969,1.64,1.1,0.9968,11.8,453.47
Ring3_Auto,214,17/06/2020 10:34,76,0,3,1.82,1.2,0.9929,1.56,1.2,0.992,14.41,441.89
Ring3_Auto,218,17/06/2020 11:04,77,0,3,1.79,1.1,0.9991,1.65,1.1,0.9988,16.03,437.76
Ring3_Auto,239,17/06/2020 11:34,78,0,3,1.78,1.2,0.9922,1.62,1.2,0.9919,16.13,427.51
Ring3_Auto,247,17/06/2020 12:04,79,0,3,1.89,1.1,0.9959,1.68,1.2,0.9954,16.11,424.39
Ring3_Auto,257,17/06/2020 12:34,80,0,3,1.88,1.1,0.996,1.69,1.2,0.9955,16.69,420.59
Ring3_Auto,254,17/06/2020 13:04,81,0,3,1.94,1.2,0.9935,1.74,1.2,0.9931,14.66,421.26
Ring3_Auto,281,17/06/2020 13:34,82,0,3,2.13,1.2,0.9952,1.81,1.2,0.994,15.16,414.51
Ring3_Auto,273,17/06/2020 14:04,83,0,3,1.85,1.2,0.9964,1.82,1.2,0.9964,15.53,416.38
Ring3_Auto,284,17/06/2020 14:34,84,0,3,1.87,1.1,0.9978,1.81,1.1,0.9977,15.31,413.3
Ring3_Auto,274,17/06/2020 15:04,85,0,3,1.93,1.1,0.9965,1.77,1.2,0.9962,15.55,416.37
Ring3_Auto,267,17/06/2020 15:34,86,0,3,2.01,1.1,0.998,1.8,1.1,0.9973,15.43,417.5
Ring3_Auto,272,17/06/2020 16:04,87,0,3,1.89,1.1,0.9986,1.73,1.1,0.998,15.06,416.58
Ring3_Auto,271,17/06/2020 16:34,88,0,3,2.05,1.1,0.9955,1.78,1.2,0.9946,14.45,416.69
Ring3_Auto,275,17/06/2020 17:04,89,0,3,2.14,1.1,0.9982,1.87,1.1,0.9972,13.95,415.94
Ring3_Auto,236,17/06/2020 17:34,90,0,3,2,1.1,0.9989,1.85,1.1,0.9985,13.52,429.75
Ring3_Auto,225,17/06/2020 18:04,91,0,3,2.05,1.2,0.9929,1.78,1.2,0.9921,13.28,433.25
Ring3_Auto,241,17/06/2020 18:34,92,0,3,1.88,1.1,0.9975,1.79,1.1,0.9974,13.15,427
Ring3_Auto,238,17/06/2020 19:04,93,0,3,1.98,1.1,0.9978,1.83,1.1,0.9974,12.9,428.64
Ring3_Auto,242,17/06/2020 19:34,94,0,3,1.82,1.2,0.9958,1.82,1.2,0.9958,12.9,426.59
Ring3_Auto,232,17/06/2020 20:04,95,0,3,1.95,1.2,0.9949,1.81,1.2,0.9947,12.83,430.78
Ring3_Auto,233,17/06/2020 20:34,96,0,3,2.17,1.2,0.9934,1.8,1.2,0.9919,12.69,430.74
Ring3_Auto,244,17/06/2020 21:04,97,0,3,2.13,1.1,0.9953,1.78,1.2,0.9936,12.04,425.98
Ring3_Auto,207,17/06/2020 21:34,98,0,3,2.08,1.2,0.9919,1.8,1.3,0.9912,11.65,444.86
Ring3_Auto,198,17/06/2020 22:04,99,0,3,1.94,1.1,0.9959,1.77,1.2,0.9956,11.62,452.37
Ring3_Auto,184,17/06/2020 22:34,100,0,3,2.12,1.2,0.9935,1.82,1.2,0.9925,11.71,462.31
Ring3_Auto,192,17/06/2020 23:04,101,0,3,2,1.2,0.9935,1.81,1.2,0.9931,11.69,459.23
Ring3_Auto,170,17/06/2020 23:34,102,0,3,1.93,1.2,0.9956,1.8,1.2,0.9954,11.74,469.34
Ring3_Auto,176,18/06/2020 0:04,103,0,3,2.09,1.2,0.9949,1.8,1.2,0.9939,11.85,468.38
Ring3_Auto,181,18/06/2020 0:34,104,0,3,2.3,1.2,0.9894,1.79,1.3,0.9869,11.86,464.38
Ring3_Auto,151,18/06/2020 1:04,105,0,3,2.03,1.1,0.9968,1.83,1.2,0.9963,11.88,477.69
Ring3_Auto,177,18/06/2020 1:34,106,0,3,2.09,1.2,0.9953,1.84,1.2,0.9945,11.79,468.17
Ring3_Auto,164,18/06/2020 2:04,107,0,3,2.06,1.2,0.9925,1.86,1.2,0.9922,11.28,470.91
Ring3_Auto,155,18/06/2020 2:34,108,0,3,2.08,1.2,0.9947,1.84,1.2,0.9941,10.82,476.23
Ring3_Auto,186,18/06/2020 3:04,109,0,3,2.24,1.3,0.9867,1.82,1.4,0.9856,10.11,460.35
Ring3_Auto,161,18/06/2020 3:34,110,0,3,1.95,1.1,0.9962,1.84,1.2,0.9961,10.56,473.44
Ring3_Auto,178,18/06/2020 4:04,111,0,3,1.93,1.2,0.9951,1.83,1.2,0.995,10.53,467.7
Ring3_Auto,185,18/06/2020 4:34,112,0,3,2.04,1.1,0.9963,1.8,1.2,0.9956,10.65,460.86
Ring3_Auto,103,18/06/2020 5:04,113,0,3,2.01,1.2,0.991,1.76,1.3,0.9905,10.59,498.59
Ring3_Auto,109,18/06/2020 5:34,114,0,3,2.01,1.2,0.9905,1.8,1.3,0.9901,10.7,496.08
Ring3_Auto,183,18/06/2020 6:04,115,0,3,2.03,1.2,0.9933,1.8,1.2,0.9928,10.74,462.77
Ring3_Auto,140,18/06/2020 6:34,116,0,3,1.97,1.1,0.9959,1.78,1.2,0.9955,10.66,484.79
Ring3_Auto,95,18/06/2020 7:04,117,0,3,2,1.1,0.9969,1.82,1.1,0.9965,10.78,502.23
Ring3_Auto,59,18/06/2020 7:34,118,0,3,1.83,1.2,0.9959,1.72,1.2,0.9958,10.64,513.94
Ring3_Auto,52,18/06/2020 8:04,119,0,3,1.96,1.1,0.9959,1.78,1.2,0.9956,10.52,517.29
Ring3_Auto,172,18/06/2020 8:34,120,0,3,2.22,1.2,0.9919,1.85,1.3,0.9906,10.69,468.87
Ring3_Auto,162,18/06/2020 9:04,121,0,3,2.19,1.2,0.9925,1.78,1.3,0.9908,11.7,473.33
Ring3_Auto,213,18/06/2020 9:34,122,0,3,2.04,1.2,0.9918,1.77,1.3,0.9911,13.38,442.44
Ring3_Auto,245,18/06/2020 10:04,123,0,3,1.97,1.1,0.9989,1.88,1.1,0.9987,14.91,425.52
Ring3_Auto,260,18/06/2020 10:34,124,0,3,2.04,1.1,0.9983,1.8,1.1,0.9974,16.05,419.39
Ring3_Auto,282,18/06/2020 11:04,125,0,3,2.12,1.1,0.9973,1.82,1.2,0.9961,16.23,414.49
Ring3_Auto,263,18/06/2020 11:34,126,0,3,1.73,1.3,0.9914,1.73,1.3,0.9914,18.2,418.96
Ring3_Auto,285,18/06/2020 12:04,127,0,3,1.96,1.1,0.997,1.89,1.1,0.9969,17.92,413.04
Ring3_Auto,288,18/06/2020 12:34,128,0,3,2.32,1.1,0.9985,1.97,1.1,0.9971,21,411.61
Ring3_Auto,222,18/06/2020 13:04,129,0,3,1.64,1.2,0.9933,1.63,1.2,0.9933,18.61,435.1
Ring3_Auto,286,18/06/2020 13:34,130,0,3,2.1,1.1,0.9983,1.93,1.1,0.9979,19.55,412.2
Ring3_Auto,269,18/06/2020 14:04,131,0,3,2.16,1.1,0.9959,1.88,1.2,0.9951,17.9,416.9
Ring3_Auto,278,18/06/2020 14:34,132,0,3,2.19,1.1,0.9975,1.91,1.1,0.9965,16.29,415.49
Ring3_Auto,256,18/06/2020 15:04,133,0,3,2.99,1.2,0.9902,2.02,1.4,0.9856,15.5,420.92
Ring3_Auto,250,18/06/2020 15:34,134,0,3,2.42,1.2,0.9932,1.99,1.2,0.9916,15.21,423.89
Ring3_Auto,237,18/06/2020 16:04,135,0,3,2.14,1.2,0.9947,1.98,1.2,0.9944,15.18,428.78
Ring3_Auto,226,18/06/2020 16:34,136,0,3,2.3,1.3,0.9834,1.85,1.4,0.9823,14.48,433.15
Ring3_Auto,227,18/06/2020 17:04,137,0,3,2.72,1.2,0.9883,1.95,1.4,0.9848,14.17,433.08
Ring3_Auto,175,18/06/2020 17:34,138,0,3,2.06,1.1,0.9977,1.91,1.1,0.9974,13.31,468.39
Ring3_Auto,112,18/06/2020 18:04,139,0,3,1.96,1.1,0.9978,1.82,1.1,0.9974,12.01,495.21
Ring3_Auto,180,18/06/2020 18:34,140,0,3,2.39,1.2,0.9926,1.91,1.3,0.9904,11.42,465.41
Ring3_Auto,168,18/06/2020 19:04,141,0,3,2.16,1.2,0.9933,1.81,1.2,0.992,11.05,469.68
Ring3_Auto,121,18/06/2020 19:34,142,0,3,2.11,1.2,0.9917,1.81,1.3,0.9908,10.44,490.74
Ring3_Auto,165,18/06/2020 20:04,143,0,3,2.19,1.2,0.9918,1.82,1.3,0.9905,9.66,470.77
Ring3_Auto,66,18/06/2020 20:34,144,0,3,1.98,1.1,0.9972,1.79,1.1,0.9966,9.28,512.61
Ring3_Auto,38,18/06/2020 21:04,145,0,3,1.81,1.1,0.9978,1.69,1.1,0.9975,8.63,525.25
Ring3_Auto,28,18/06/2020 21:34,146,0,3,1.94,1.1,0.9961,1.72,1.2,0.9954,8.76,535.13
Ring3_Auto,65,18/06/2020 22:04,147,0,3,1.93,1.1,0.9959,1.73,1.2,0.9955,8.63,512.76
Ring3_Auto,82,18/06/2020 22:34,148,0,3,2.01,1.1,0.9965,1.73,1.2,0.9954,8.48,506.66
Ring3_Auto,53,18/06/2020 23:04,149,0,3,2.08,1.2,0.9882,1.71,1.3,0.987,8.28,517.15
Ring3_Auto,104,18/06/2020 23:34,150,0,3,1.86,1.2,0.995,1.72,1.2,0.9947,7.53,498.28
Ring3_Auto,148,19/06/2020 0:04,151,0,3,1.87,1.1,0.9983,1.7,1.1,0.9978,7.06,480.72
Ring3_Auto,37,19/06/2020 0:34,152,0,3,1.83,1.2,0.9958,1.64,1.2,0.9952,6.8,525.75
Ring3_Auto,23,19/06/2020 1:04,153,0,3,1.83,1.1,0.9985,1.66,1.1,0.9979,6.96,537.37
Ring3_Auto,15,19/06/2020 1:34,154,0,3,1.71,1.1,0.997,1.57,1.2,0.9967,6.37,551.78
Ring3_Auto,97,19/06/2020 2:04,155,0,3,1.91,1.1,0.9976,1.72,1.1,0.997,6.08,501.86
Ring3_Auto,35,19/06/2020 2:34,156,0,3,1.61,1.2,0.995,1.55,1.2,0.9949,5.88,528.35
Ring3_Auto,79,19/06/2020 3:04,157,0,3,1.68,1.2,0.9944,1.62,1.2,0.9943,5.72,508.05
Ring3_Auto,90,19/06/2020 3:34,158,0,3,1.79,1.1,0.9978,1.63,1.1,0.9974,5.64,503.53
Ring3_Auto,51,19/06/2020 4:04,159,0,3,1.71,1.1,0.9972,1.58,1.1,0.9969,5.03,518.85
Ring3_Auto,93,19/06/2020 4:34,160,0,3,1.79,1.2,0.9955,1.61,1.2,0.9951,5.31,502.59
Ring3_Auto,83,19/06/2020 5:04,161,0,3,1.73,1.1,0.9965,1.6,1.2,0.9962,5.28,506.36
Ring3_Auto,94,19/06/2020 5:34,162,0,3,1.75,1.2,0.9962,1.6,1.2,0.9958,5.14,502.51
Ring3_Auto,60,19/06/2020 6:04,163,0,3,1.76,1.1,0.9968,1.57,1.2,0.9962,4.81,513.76
Ring3_Auto,76,19/06/2020 6:34,164,0,3,1.72,1.1,0.9967,1.57,1.2,0.9963,4.25,508.81
Ring3_Auto,49,19/06/2020 7:04,165,0,3,1.82,1.1,0.9973,1.57,1.2,0.9961,4.19,518.98
Ring3_Auto,45,19/06/2020 7:34,166,0,3,1.65,1.1,0.9974,1.54,1.1,0.9972,4.23,520.85
Ring3_Auto,70,19/06/2020 8:04,167,0,3,1.61,1.2,0.9964,1.52,1.2,0.9963,4.62,510.94
Ring3_Auto,61,19/06/2020 8:34,168,0,3,1.71,1.1,0.9963,1.51,1.2,0.9957,5.31,513.14
Ring3_Auto,89,19/06/2020 9:04,169,0,3,1.76,1.1,0.9971,1.53,1.2,0.996,7.18,503.8
Ring3_Auto,160,19/06/2020 9:34,170,0,3,1.49,1.2,0.9949,1.49,1.2,0.9949,8.35,474.11
Ring3_Auto,173,19/06/2020 10:04,171,0,3,1.79,1.1,0.9968,1.56,1.2,0.9958,9.99,468.42
Ring3_Auto,190,19/06/2020 10:34,172,0,3,1.77,1.1,0.9981,1.54,1.1,0.997,12.19,459.75
Ring3_Auto,216,19/06/2020 11:04,173,0,3,1.7,1.1,0.9976,1.62,1.1,0.9975,12.64,440.52
Ring3_Auto,234,19/06/2020 11:34,174,0,3,1.8,1.1,0.9964,1.59,1.2,0.9956,14.86,430.52
Ring3_Auto,230,19/06/2020 12:04,175,0,3,1.73,1.1,0.9967,1.73,1.1,0.9967,16.32,431.35
Ring3_Auto,264,19/06/2020 12:34,176,0,3,1.98,1.1,0.9981,1.87,1.1,0.9979,20.7,418.91
Ring3_Auto,258,19/06/2020 13:04,177,0,3,1.65,1.2,0.9957,1.65,1.2,0.9957,20.78,420.4
Ring3_Auto,276,19/06/2020 13:34,178,0,3,1.99,1.1,0.9988,1.8,1.1,0.9982,18.65,415.86
Ring3_Auto,290,19/06/2020 14:04,179,0,3,2.01,1.1,0.9961,1.63,1.2,0.9941,18.77,411.51
Ring3_Auto,268,19/06/2020 14:34,180,0,3,2.24,1.1,0.9952,1.8,1.2,0.9932,18.28,417.15
Ring3_Auto,252,19/06/2020 15:04,181,0,3,2.17,1.2,0.9886,1.82,1.3,0.9877,18.2,423.27
Ring3_Auto,270,19/06/2020 15:34,182,0,3,2.23,1.2,0.9921,1.83,1.3,0.9906,17.28,416.79
Ring3_Auto,280,19/06/2020 16:04,183,0,3,2.33,1.1,0.9978,1.9,1.2,0.9958,16.83,414.55
Ring3_Auto,217,19/06/2020 16:34,184,0,3,2.7,1.2,0.9917,1.97,1.3,0.9884,16.02,439.93
Ring3_Auto,62,19/06/2020 17:04,185,0,3,2.52,1.1,0.9946,1.85,1.3,0.9911,14.43,513.14
Ring3_Auto,166,19/06/2020 17:34,186,0,3,2,1.2,0.9962,1.87,1.2,0.996,12.97,470.13
Ring3_Auto,132,19/06/2020 18:04,187,0,3,2.3,1.3,0.9858,1.79,1.4,0.9836,12.17,488.31
Ring3_Auto,120,19/06/2020 18:34,188,0,3,2.04,1.1,0.9962,1.83,1.2,0.9956,11.89,491.43
Ring3_Auto,145,19/06/2020 19:04,189,0,3,2.02,1.2,0.995,1.77,1.2,0.9942,11.07,482.49
Ring3_Auto,55,19/06/2020 19:34,190,0,3,1.96,1.2,0.9952,1.77,1.2,0.9948,10.66,516.97
Ring3_Auto,31,19/06/2020 20:04,191,0,3,1.88,1.2,0.9952,1.74,1.2,0.995,10.09,530.57
Ring3_Auto,6,19/06/2020 20:34,192,0,3,1.9,1.2,0.9917,1.64,1.3,0.991,9.81,582.74
Ring3_Auto,8,19/06/2020 21:04,193,0,3,2,1.2,0.9908,1.69,1.3,0.9898,9.36,571.62
Ring3_Auto,18,19/06/2020 21:34,194,0,3,1.93,1.1,0.9977,1.72,1.2,0.9969,8.49,546.04
Ring3_Auto,11,19/06/2020 22:04,195,0,3,1.85,1.2,0.9944,1.65,1.2,0.9939,8.8,562.92
Ring3_Auto,13,19/06/2020 22:34,196,0,3,1.91,1.1,0.997,1.68,1.2,0.9961,8.24,558.58
Ring3_Auto,29,19/06/2020 23:04,197,0,3,1.87,1.1,0.9985,1.75,1.1,0.9983,7.97,533.03
Ring3_Auto,14,19/06/2020 23:34,198,0,3,1.79,1.2,0.9953,1.63,1.2,0.9949,7.41,558.16
Ring3_Auto,17,20/06/2020 0:04,199,0,3,1.92,1.1,0.998,1.7,1.1,0.9971,7.63,548.96
Ring3_Auto,19,20/06/2020 0:34,200,0,3,1.77,1.2,0.9944,1.67,1.2,0.9943,7.48,544.45
Ring3_Auto,12,20/06/2020 1:04,201,0,3,1.77,1.1,0.9978,1.62,1.1,0.9973,7.25,560.84
Ring3_Auto,42,20/06/2020 1:34,202,0,3,1.91,1.2,0.9947,1.67,1.2,0.994,6.88,523.24
Ring3_Auto,75,20/06/2020 2:04,203,0,3,1.79,1.1,0.9975,1.65,1.1,0.9972,6.81,509.03
Ring3_Auto,108,20/06/2020 2:34,204,0,3,1.85,1.2,0.9959,1.66,1.2,0.9953,7.21,496.82
Ring3_Auto,113,20/06/2020 3:04,205,0,3,1.8,1.2,0.995,1.68,1.2,0.9948,7.46,494.93
Ring3_Auto,123,20/06/2020 3:34,206,0,3,1.94,1.2,0.9952,1.68,1.2,0.9944,7.19,490.3
Ring3_Auto,111,20/06/2020 4:04,207,0,3,1.88,1.1,0.9968,1.65,1.2,0.9959,7.51,495.54
Ring3_Auto,141,20/06/2020 4:34,208,0,3,1.99,1.2,0.9959,1.7,1.2,0.9948,7.34,484.72
Ring3_Auto,138,20/06/2020 5:04,209,0,3,1.85,1.1,0.9979,1.68,1.1,0.9974,7.26,485.97
Ring3_Auto,167,20/06/2020 5:34,210,0,3,1.81,1.2,0.9943,1.63,1.2,0.9939,6.75,469.73
Ring3_Auto,157,20/06/2020 6:04,211,0,3,1.83,1.1,0.9968,1.65,1.2,0.9962,6.53,475.61
Ring3_Auto,152,20/06/2020 6:34,212,0,3,1.88,1.2,0.9962,1.65,1.2,0.9955,6.25,477.05
Ring3_Auto,150,20/06/2020 7:04,213,0,3,1.88,1.2,0.9957,1.64,1.2,0.9949,6.5,478.75
Ring3_Auto,115,20/06/2020 7:34,214,0,3,1.72,1.2,0.9957,1.6,1.2,0.9955,6.99,494.32
Ring3_Auto,149,20/06/2020 8:04,215,0,3,1.84,1.1,0.9965,1.64,1.2,0.9959,7.93,480.52
Ring3_Auto,194,20/06/2020 8:34,216,0,3,1.77,1.1,0.9966,1.64,1.2,0.9964,8.87,458.46
Ring3_Auto,203,20/06/2020 9:04,217,0,3,1.88,1.1,0.9961,1.64,1.2,0.9952,9.53,448.83
Ring3_Auto,209,20/06/2020 9:34,218,0,3,1.66,1.2,0.9943,1.66,1.2,0.9943,9.81,443.99
Ring3_Auto,212,20/06/2020 10:04,219,0,3,1.64,1.1,0.9986,1.64,1.1,0.9986,10.51,442.95
Ring3_Auto,219,20/06/2020 10:34,220,0,3,1.74,1.2,0.9935,1.58,1.2,0.9931,10.8,436.47
Ring3_Auto,229,20/06/2020 11:04,221,0,3,1.65,1.2,0.9959,1.65,1.2,0.9959,11.3,432.64
Ring3_Auto,240,20/06/2020 11:34,222,0,3,1.65,1.2,0.994,1.65,1.2,0.994,11.75,427.44
Ring3_Auto,251,20/06/2020 12:04,223,0,3,2.13,1.1,0.998,1.82,1.2,0.9966,13.93,423.37
Ring3_Auto,253,20/06/2020 12:34,224,0,3,2.06,1.2,0.9955,1.85,1.2,0.995,17.16,421.62
Ring3_Auto,259,20/06/2020 13:04,225,0,3,1.66,1.3,0.9879,1.61,1.3,0.9879,15.46,420.27
Ring3_Auto,262,20/06/2020 13:34,226,0,3,2.43,1.1,0.9987,2.02,1.2,0.9967,16.27,418.99
Ring3_Auto,277,20/06/2020 14:04,227,0,3,2.47,1.1,0.9963,1.87,1.3,0.9911,17.8,415.68
Ring3_Auto,265,20/06/2020 14:34,228,0,3,2.23,1.2,0.9923,1.88,1.3,0.9912,18.6,418.48
Ring3_Auto,220,20/06/2020 15:04,229,0,3,2.06,1.2,0.996,1.85,1.2,0.9955,17.89,435.86
Ring3_Auto,243,20/06/2020 15:34,230,0,3,2.25,1.1,0.9973,1.92,1.2,0.996,17.14,426.48
Ring3_Auto,189,20/06/2020 16:04,231,0,3,2.31,1.2,0.9926,1.88,1.3,0.9908,16.06,459.86
Ring3_Auto,129,20/06/2020 16:34,232,0,3,2.45,1.3,0.9792,1.88,1.5,0.9772,15.47,489.25
Ring3_Auto,57,20/06/2020 17:04,233,0,3,2.29,1.6,0.9665,2.03,1.2,0.9964,15.07,514.73
Ring3_Auto,39,20/06/2020 17:34,234,0,3,2.66,1.2,0.9952,2.07,1.2,0.9928,14.45,525.2
Ring3_Auto,87,20/06/2020 18:04,235,0,3,2.48,1.2,0.9934,2.04,1.3,0.9917,14.13,505.4
Ring3_Auto,4,20/06/2020 18:34,236,0,3,2.04,1.7,0.9632,1.93,1.1,0.9983,13.26,625.58
Ring3_Auto,32,20/06/2020 19:04,237,0,3,2.65,1.2,0.9857,1.88,1.4,0.9821,11.83,530.28
Ring3_Auto,10,20/06/2020 19:34,238,0,3,2.05,1.2,0.9942,1.8,1.2,0.9935,11.55,565.7
Ring3_Auto,24,20/06/2020 20:04,239,0,3,2.22,1.1,0.9972,1.9,1.2,0.9957,11.63,536.72
Ring3_Auto,110,20/06/2020 20:34,240,0,3,1.9,1.2,0.9948,1.83,1.2,0.9948,11.14,496
Ring3_Auto,73,20/06/2020 21:04,241,0,3,2.07,1.1,0.9972,1.85,1.2,0.9965,10.75,510.55
Ring3_Auto,22,20/06/2020 21:34,242,0,3,2.05,1.2,0.9964,1.8,1.2,0.9955,10.52,538.75
Ring3_Auto,125,20/06/2020 22:04,243,0,3,2.15,1.1,0.997,1.82,1.2,0.9954,9.62,489.89
Ring3_Auto,114,20/06/2020 22:34,244,0,3,1.94,1.2,0.9955,1.85,1.2,0.9954,10.64,494.43
Ring3_Auto,92,20/06/2020 23:04,245,0,3,2.12,1.1,0.9966,1.81,1.2,0.9954,9.68,503.27
Ring3_Auto,27,20/06/2020 23:34,246,0,3,2.08,1.2,0.9925,1.81,1.3,0.9918,9.2,536.25
Ring3_Auto,131,21/06/2020 0:04,247,0,3,2.13,1.1,0.998,1.88,1.2,0.9972,9.74,488.59
Ring3_Auto,105,21/06/2020 0:34,248,0,3,2.13,1.2,0.995,1.84,1.2,0.994,9.99,498.08
Ring3_Auto,107,21/06/2020 1:04,249,0,3,2.09,1.2,0.9944,1.87,1.2,0.9939,10.01,497.81
Ring3_Auto,72,21/06/2020 1:34,250,0,3,1.96,1.2,0.9946,1.84,1.2,0.9945,9.99,510.65
Ring3_Auto,128,21/06/2020 2:04,251,0,3,2.13,1.2,0.9963,1.85,1.2,0.9953,10.1,489.29
Ring3_Auto,47,21/06/2020 2:34,252,0,3,2.03,1.2,0.9938,1.77,1.2,0.993,10.44,519.08
Ring3_Auto,50,21/06/2020 3:04,253,0,3,2.03,1.2,0.9943,1.81,1.2,0.9938,10.7,518.9
Ring3_Auto,16,21/06/2020 3:34,254,0,3,1.8,1.2,0.9929,1.79,1.2,0.9929,10.72,550.26
Ring3_Auto,86,21/06/2020 4:04,255,0,3,1.92,1.2,0.9967,1.83,1.2,0.9966,11.28,505.44
Ring3_Auto,124,21/06/2020 4:34,256,0,3,2,1.2,0.9964,1.85,1.2,0.9961,11.04,489.94
Ring3_Auto,117,21/06/2020 5:04,257,0,3,2.18,1.2,0.9936,1.9,1.2,0.9927,10.76,493.04
Ring3_Auto,99,21/06/2020 5:34,258,0,3,2.14,1.2,0.9909,1.85,1.3,0.9902,10.82,499.48
Ring3_Auto,135,21/06/2020 6:04,259,0,3,2.14,1.2,0.9939,1.89,1.2,0.9933,10.69,486.81
Ring3_Auto,211,21/06/2020 6:34,260,0,3,1.91,1.1,0.9976,1.82,1.1,0.9975,10.8,443.06
Ring3_Auto,205,21/06/2020 7:04,261,0,3,2.74,1.1,0.9963,2.01,1.3,0.9923,10.74,446.84
Ring3_Auto,200,21/06/2020 7:34,262,0,3,2.06,1.2,0.9946,1.9,1.2,0.9944,10.52,450.65
Ring3_Auto,126,21/06/2020 8:04,263,0,3,2.23,1.2,0.994,1.96,1.2,0.9934,10.55,489.49
Ring3_Auto,208,21/06/2020 8:34,264,0,3,2.2,1.2,0.9962,1.99,1.2,0.9958,10.65,444.05
Ring3_Auto,202,21/06/2020 9:04,265,0,3,2.21,1.1,0.9984,2,1.1,0.9977,10.73,448.84
Ring3_Auto,206,21/06/2020 9:34,266,0,3,2.72,1.1,0.9967,2.08,1.2,0.9931,11.61,446.13
Ring3_Auto,228,21/06/2020 10:04,267,0,3,2.19,1.2,0.9945,2.19,1.2,0.9945,12.12,432.69
Ring3_Auto,215,21/06/2020 10:34,268,0,3,2.3,1.2,0.9971,2.12,1.2,0.9968,11.8,440.54
Ring3_Auto,224,21/06/2020 11:04,269,0,3,2.64,1.2,0.9903,2.09,1.3,0.988,12.33,434.17
Ring3_Auto,231,21/06/2020 11:34,270,0,3,2.56,1.2,0.996,2.13,1.2,0.9943,14.26,430.79
Ring3_Auto,255,21/06/2020 12:04,271,0,3,2.33,1.1,0.9977,2.3,1.1,0.9977,14.65,421.08
Ring3_Auto,261,21/06/2020 12:34,272,0,3,2.42,1.1,0.9976,2.42,1.1,0.9976,18.35,419.05
Ring3_Auto,287,21/06/2020 13:04,273,0,3,2.64,1.2,0.9958,2.16,1.2,0.9938,18.1,411.76
Ring3_Auto,249,21/06/2020 13:34,274,0,3,2.37,1.1,0.9982,2.27,1.1,0.9981,16.25,424.23
Ring3_Auto,292,21/06/2020 14:04,275,0,3,2.29,1.2,0.9973,2.18,1.2,0.9972,16.27,410.13
Ring3_Auto,266,21/06/2020 14:34,276,0,3,2.52,1.1,0.9987,2.28,1.1,0.9982,16.74,417.61
Ring3_Auto,223,21/06/2020 15:04,277,0,3,2.58,1.2,0.9933,2.24,1.3,0.9926,16.22,434.46
Ring3_Auto,187,21/06/2020 15:34,278,0,3,2.58,2.6,0.8484,2.22,1.6,0.9737,15.98,460.23
Ring3_Auto,246,21/06/2020 16:04,279,0,3,2.51,1.1,0.9987,2.23,1.1,0.9979,15.21,425.42
Ring3_Auto,174,21/06/2020 16:34,280,0,3,2.71,1.1,0.9973,2.35,1.2,0.9962,14.12,468.4
Ring3_Auto,91,21/06/2020 17:04,281,0,3,2.6,1.2,0.996,2.27,1.2,0.9951,13.25,503.4
Ring3_Auto,188,21/06/2020 17:34,282,0,3,2.56,1.2,0.994,2.17,1.2,0.9928,12.62,459.99
Ring3_Auto,195,21/06/2020 18:04,283,0,3,2.3,1.3,0.9892,2.11,1.3,0.989,12.29,457.35
Ring3_Auto,63,21/06/2020 18:34,284,0,3,2.29,1.2,0.9972,2.17,1.2,0.9971,12.16,512.96
Ring3_Auto,147,21/06/2020 19:04,285,0,3,2.53,1.3,0.9867,2.16,1.4,0.9861,12.08,481.36
Ring3_Auto,119,21/06/2020 19:34,286,0,3,2.34,1.1,0.9983,2.15,1.1,0.9978,11.55,491.64
Ring3_Auto,193,21/06/2020 20:04,287,0,3,2.35,1.2,0.9968,2.08,1.2,0.9961,10.16,458.51
Ring3_Auto,156,21/06/2020 20:34,288,0,3,2.52,1.2,0.9932,2.05,1.3,0.9914,9.93,476.01
Ring3_Auto,159,21/06/2020 21:04,289,0,3,2.24,1.1,0.9972,2.01,1.2,0.9966,9.28,474.37
Ring3_Auto,210,21/06/2020 21:34,290,0,3,2.23,1.2,0.9954,2,1.2,0.9948,10.16,443.89
Ring3_Auto,196,21/06/2020 22:04,291,0,3,2.2,1.2,0.9934,1.97,1.2,0.9929,9.55,456.89
Ring3_Auto,106,21/06/2020 22:34,292,0,3,2.29,1.2,0.9918,1.96,1.3,0.991,9.12,498.05
Ring3_Auto,179,21/06/2020 23:04,293,0,3,2.18,1.2,0.9958,1.94,1.2,0.9952,8.09,466.11
Ring3_Auto,171,21/06/2020 23:34,294,0,3,1.97,1.2,0.9945,1.9,1.2,0.9945,8.02,469.3
Ring3_Auto,199,22/06/2020 0:04,295,0,3,2.12,1.1,0.9979,1.95,1.2,0.9975,8.09,450.67
Ring3_Auto,16,22/06/2020 0:34,296,0,3,2,1.1,0.9984,1.91,1.1,0.9984,8.51,461.74
Ring3_Auto,283,22/06/2020 1:04,297,0,3,2.12,1.2,0.9931,1.9,1.3,0.9927,8.62,469.72
Ring3_Auto,254,22/06/2020 1:34,298,0,3,2.07,1.2,0.9941,1.88,1.2,0.9938,7.81,487.77
Ring3_Auto,57,22/06/2020 2:04,299,0,3,1.93,1.1,0.9977,1.88,1.2,0.9977,7.87,495.34
Ring3_Auto,121,22/06/2020 2:34,300,0,3,1.91,1.2,0.997,1.87,1.2,0.997,7.22,465.22
Ring3_Auto,61,22/06/2020 3:04,301,0,3,2.09,1.1,0.9976,1.91,1.2,0.9972,7.13,470.42
Ring3_Auto,124,22/06/2020 3:34,302,0,3,2.05,1.2,0.9969,1.86,1.2,0.9965,6.2,473.71
Ring3_Auto,6,22/06/2020 4:04,303,0,3,1.99,1.1,0.9989,1.86,1.1,0.9987,6.26,487.95
Ring3_Auto,242,22/06/2020 4:34,304,0,3,1.96,1.2,0.9944,1.79,1.2,0.9941,5.86,485.73
Ring3_Auto,122,22/06/2020 5:04,305,0,3,2.11,1.2,0.997,1.84,1.2,0.996,6.18,459.8
Ring3_Auto,127,22/06/2020 5:34,306,0,3,2.05,1.2,0.9968,1.82,1.2,0.9961,6.73,464.08
Ring3_Auto,237,22/06/2020 6:04,307,0,3,2.08,1.2,0.9946,1.82,1.2,0.9939,7,473.65
Ring3_Auto,193,22/06/2020 6:34,308,0,3,2.08,1.2,0.9954,1.83,1.2,0.9947,6.79,453.6
Ring3_Auto,65,22/06/2020 7:04,309,0,3,2.05,1.1,0.9975,1.82,1.2,0.9967,6.37,452.89
Ring3_Auto,162,22/06/2020 7:34,310,0,3,1.89,1.2,0.9961,1.78,1.2,0.9959,6.06,470.59
Ring3_Auto,5,22/06/2020 8:04,311,0,3,1.88,1.1,0.999,1.71,1.1,0.9985,6.16,476.91
Ring3_Auto,156,22/06/2020 8:34,312,0,3,1.96,1.2,0.9962,1.76,1.2,0.9956,7.2,467.66
Ring3_Auto,229,22/06/2020 9:04,313,0,3,2.03,1.2,0.9947,1.8,1.2,0.9941,8.61,458.29
Ring3_Auto,276,22/06/2020 9:34,314,0,3,2.05,1.2,0.9934,1.79,1.3,0.9927,10.37,438.11
Ring3_Auto,246,22/06/2020 10:04,315,0,3,1.86,1.2,0.9943,1.81,1.2,0.9943,11.34,437.89
Ring3_Auto,24,22/06/2020 10:34,316,0,3,2.02,1.1,0.9982,1.8,1.2,0.9974,13.06,423.85
Ring3_Auto,56,22/06/2020 11:04,317,0,3,1.86,1.1,0.9977,1.82,1.1,0.9977,14.11,417.78
Ring3_Auto,228,22/06/2020 11:34,318,0,3,1.95,1.2,0.9947,1.77,1.2,0.9943,15.18,419.55
Ring3_Auto,12,22/06/2020 12:04,319,0,3,2.09,1.1,0.9985,1.93,1.1,0.9981,14.71,421.07
Ring3_Auto,293,22/06/2020 12:34,320,0,3,2.5,1.2,0.9925,2.15,1.3,0.9917,18.42,415.72
Ring3_Auto,161,22/06/2020 13:04,321,0,3,1.86,1.2,0.9961,1.86,1.2,0.9961,17.95,408.81
Ring3_Auto,120,22/06/2020 13:34,322,0,3,2.09,1.2,0.9971,1.99,1.2,0.997,14.78,413.92
Ring3_Auto,231,22/06/2020 14:04,323,0,3,2.51,1.2,0.9947,2.1,1.2,0.9933,13.69,414.81
Ring3_Auto,179,22/06/2020 14:34,324,0,3,2.36,1.2,0.9957,2.08,1.2,0.9949,13.1,411.38
Ring3_Auto,20,22/06/2020 15:04,325,0,3,2.36,1.1,0.9983,2.09,1.2,0.9974,13.58,413.46
Ring3_Auto,50,22/06/2020 15:34,326,0,3,2.16,1.1,0.9978,2.02,1.2,0.9976,13.19,419.79
Ring3_Auto,32,22/06/2020 16:04,327,0,3,2.23,1.1,0.998,2.01,1.2,0.9975,12.23,429.07
Ring3_Auto,301,22/06/2020 16:34,328,0,3,2.23,1.2,0.9915,1.99,1.3,0.9911,11.75,447.36
Ring3_Auto,187,22/06/2020 17:04,329,0,3,2.21,1.2,0.9956,1.92,1.2,0.9947,11.15,437.29
Ring3_Auto,230,22/06/2020 17:34,330,0,3,2.12,1.2,0.9947,1.94,1.2,0.9944,11.01,432.05
Ring3_Auto,39,22/06/2020 18:04,331,0,3,1.93,1.1,0.9979,1.88,1.1,0.9979,10.04,508.44
Ring3_Auto,29,22/06/2020 18:34,332,0,3,1.99,1.1,0.9981,1.93,1.1,0.998,9.25,483.44
Ring3_Auto,291,22/06/2020 19:04,333,0,3,2.05,1.2,0.9926,1.85,1.3,0.9923,8.08,460.37
Ring3_Auto,145,22/06/2020 19:34,334,0,3,2.02,1.2,0.9964,1.82,1.2,0.996,8.11,472.76
Ring3_Auto,72,22/06/2020 20:04,335,0,3,2.01,1.1,0.9974,1.83,1.2,0.997,7.8,470.35
Ring3_Auto,49,22/06/2020 20:34,336,0,3,2.01,1.1,0.9978,1.8,1.2,0.9972,7.05,454.36
Ring3_Auto,71,22/06/2020 21:04,337,0,3,1.98,1.1,0.9974,1.78,1.2,0.9968,7.07,461.68
Ring3_Auto,198,22/06/2020 21:34,338,0,3,1.93,1.2,0.9953,1.78,1.2,0.9951,6.91,460.63
Ring3_Auto,167,22/06/2020 22:04,339,0,3,1.95,1.2,0.996,1.77,1.2,0.9956,6.66,465.37
Ring3_Auto,152,22/06/2020 22:34,340,0,3,2,1.2,0.9963,1.77,1.2,0.9957,6.27,448.34
Ring3_Auto,155,22/06/2020 23:04,341,0,3,1.76,1.2,0.9962,1.69,1.2,0.9961,5.55,465.44
Ring3_Auto,241,22/06/2020 23:34,342,0,3,2.04,1.2,0.9945,1.75,1.2,0.9936,5.82,457.21
Ring3_Auto,199,23/06/2020 0:04,343,0,3,1.96,1.2,0.9953,1.74,1.2,0.9947,5.8,452.8
Ring3_Auto,220,23/06/2020 0:34,344,0,3,1.95,1.2,0.9949,1.71,1.2,0.9942,5.57,453.29
Ring3_Auto,79,23/06/2020 1:04,345,0,3,1.9,1.1,0.9973,1.71,1.2,0.9968,4.99,459.37
Ring3_Auto,234,23/06/2020 1:34,346,0,3,1.83,1.2,0.9946,1.67,1.2,0.9943,5.05,469.1
Ring3_Auto,212,23/06/2020 2:04,347,0,3,1.84,1.2,0.995,1.66,1.2,0.9946,4.59,469.73
Ring3_Auto,185,23/06/2020 2:34,348,0,3,1.8,1.2,0.9956,1.69,1.2,0.9955,4.81,475.06
Ring3_Auto,130,23/06/2020 3:04,349,0,3,1.79,1.2,0.9967,1.65,1.2,0.9965,4.37,458.92
Ring3_Auto,143,23/06/2020 3:34,350,0,3,1.77,1.2,0.9964,1.62,1.2,0.9961,3.95,462.34
Ring3_Auto,15,23/06/2020 4:04,351,0,3,1.76,1.1,0.9984,1.61,1.1,0.998,3.27,474.1
Ring3_Auto,216,23/06/2020 4:34,352,0,3,1.71,1.2,0.9949,1.59,1.2,0.9947,3.23,464.67
Ring3_Auto,2,23/06/2020 5:04,353,0,3,1.63,1.1,0.9992,1.57,1.1,0.9991,3.3,472.61
Ring3_Auto,165,23/06/2020 5:34,354,0,3,1.72,1.2,0.996,1.57,1.2,0.9957,2.67,464.38
Ring3_Auto,125,23/06/2020 6:04,355,0,3,1.7,1.2,0.9968,1.56,1.2,0.9965,2.85,463.77
Ring3_Auto,224,23/06/2020 6:34,356,0,3,1.77,1.2,0.9948,1.55,1.2,0.9941,2.69,468.91
Ring3_Auto,4,23/06/2020 7:04,357,0,3,1.66,1.1,0.999,1.54,1.1,0.9987,2.71,476.59
Ring3_Auto,59,23/06/2020 7:34,358,0,3,1.66,1.1,0.9976,1.52,1.2,0.9973,2.75,482.74
Ring3_Auto,188,23/06/2020 8:04,359,0,3,1.72,1.2,0.9955,1.51,1.2,0.9948,3.08,479.03
Ring3_Auto,192,23/06/2020 8:34,360,0,3,1.76,1.2,0.9954,1.54,1.2,0.9946,4.45,468.15
Ring3_Auto,123,23/06/2020 9:04,361,0,3,1.73,1.2,0.9969,1.58,1.2,0.9965,6.43,461.63
Ring3_Auto,19,23/06/2020 9:34,362,0,3,1.69,1.1,0.9983,1.56,1.1,0.998,7.99,464.55
Ring3_Auto,34,23/06/2020 10:04,363,0,3,1.63,1.1,0.9979,1.63,1.1,0.9979,9.64,445.19
Ring3_Auto,38,23/06/2020 10:34,364,0,3,1.8,1.1,0.9979,1.61,1.2,0.9971,11.72,454.47
Ring3_Auto,62,23/06/2020 11:04,365,0,3,2.2,1.1,0.9976,1.72,1.2,0.9949,12.35,420.59
Ring3_Auto,139,23/06/2020 11:34,366,0,3,1.74,1.2,0.9966,1.67,1.2,0.9966,14.72,411.06
Ring3_Auto,151,23/06/2020 12:04,367,0,3,1.92,1.2,0.9963,1.77,1.2,0.996,15.09,412.58
Ring3_Auto,144,23/06/2020 12:34,368,0,3,1.92,1.2,0.9964,1.92,1.2,0.9964,16.96,409.11
Ring3_Auto,189,23/06/2020 13:04,369,0,3,1.77,1.2,0.9955,1.77,1.2,0.9955,15.95,412.06
Ring3_Auto,126,23/06/2020 13:34,370,0,3,1.98,1.2,0.9968,1.8,1.2,0.9964,16.07,409.85
Ring3_Auto,168,23/06/2020 14:04,371,0,3,2.02,1.2,0.996,1.78,1.2,0.9954,14.66,416.33
Ring3_Auto,317,23/06/2020 14:34,372,0,3,1.85,1.3,0.9906,1.76,1.3,0.9906,14.15,429.84
Ring3_Auto,318,23/06/2020 15:04,373,0,3,1.94,1.3,0.99,1.8,1.3,0.9898,14.29,439.87
Ring3_Auto,133,23/06/2020 15:34,374,0,3,1.89,1.2,0.9967,1.8,1.2,0.9966,14.1,424.8
Ring3_Auto,84,23/06/2020 16:04,375,0,3,2.05,1.1,0.9972,1.8,1.2,0.9963,13.57,414.83
Ring3_Auto,332,23/06/2020 16:34,376,0,3,2.06,1.7,0.9567,1.77,1.5,0.9769,12.37,447.24
Ring3_Auto,262,23/06/2020 17:04,377,0,3,1.77,1.2,0.9936,1.77,1.2,0.9936,10.94,444.08
Ring3_Auto,247,23/06/2020 17:34,378,0,3,1.87,1.2,0.9943,1.71,1.2,0.994,10.6,433.48
Ring3_Auto,277,23/06/2020 18:04,379,0,3,2.1,1.2,0.9934,1.67,1.3,0.9913,9.89,474.82
Ring3_Auto,173,23/06/2020 18:34,380,0,3,1.86,1.2,0.9959,1.69,1.2,0.9954,9.3,489.07
Ring3_Auto,309,23/06/2020 19:04,381,0,3,1.93,1.2,0.9903,1.65,1.3,0.9895,8.94,499.92
Ring3_Auto,335,23/06/2020 19:34,382,0,3,1.77,2.4,0.9025,1.72,1.1,0.9981,8.15,477.2
Ring3_Auto,263,23/06/2020 20:04,383,0,3,1.92,1.2,0.9936,1.65,1.3,0.9926,7.85,465.65
Ring3_Auto,132,23/06/2020 20:34,384,0,3,1.83,1.2,0.9967,1.69,1.2,0.9964,7.57,453.77
Ring3_Auto,171,23/06/2020 21:04,385,0,3,1.75,1.2,0.9959,1.59,1.2,0.9954,7,494.82
Ring3_Auto,142,23/06/2020 21:34,386,0,3,1.72,1.2,0.9964,1.6,1.2,0.9962,6.21,474.08
Ring3_Auto,330,23/06/2020 22:04,387,0,3,1.71,1.5,0.9726,1.6,1.1,0.9987,5.72,474.76
Ring3_Auto,184,23/06/2020 22:34,388,0,3,1.76,1.2,0.9956,1.6,1.2,0.9953,5.65,469.98
Ring3_Auto,137,23/06/2020 23:04,389,0,3,1.69,1.2,0.9966,1.53,1.2,0.9962,5.58,488.28
Ring3_Auto,76,23/06/2020 23:34,390,0,3,1.72,1.1,0.9973,1.56,1.2,0.9969,5.1,478.06
Ring3_Auto,70,24/06/2020 0:04,391,0,3,1.76,1.1,0.9974,1.58,1.2,0.9967,4.41,486.79
Ring3_Auto,175,24/06/2020 0:34,392,0,3,1.63,1.2,0.9958,1.54,1.2,0.9957,4.15,472.36
Ring3_Auto,134,24/06/2020 1:04,393,0,3,1.51,1.2,0.9966,1.5,1.2,0.9966,3.9,500.21
Ring3_Auto,138,24/06/2020 1:34,394,0,3,1.71,1.2,0.9966,1.51,1.2,0.9958,4.32,487.02
Ring3_Auto,53,24/06/2020 2:04,395,0,3,1.55,1.1,0.9977,1.46,1.2,0.9975,3.56,497.2
Ring3_Auto,227,24/06/2020 2:34,396,0,3,1.73,1.2,0.9947,1.52,1.2,0.994,3.75,467.48
Ring3_Auto,31,24/06/2020 3:04,397,0,3,1.51,1.1,0.998,1.45,1.1,0.9979,3.42,484.11
Ring3_Auto,22,24/06/2020 3:34,398,0,3,1.54,1.1,0.9982,1.45,1.1,0.998,3.71,482.52
Ring3_Auto,118,24/06/2020 4:04,399,0,3,1.45,1.2,0.9975,1.4,1.2,0.9975,3.41,498.61
Ring3_Auto,147,24/06/2020 4:34,400,0,3,1.58,1.2,0.9963,1.45,1.2,0.9961,3.21,485.82
Ring3_Auto,8,24/06/2020 5:04,401,0,3,1.56,1.1,0.9988,1.42,1.1,0.9983,3.61,479.48
Ring3_Auto,33,24/06/2020 5:34,402,0,3,1.53,1.1,0.9979,1.43,1.2,0.9977,3.73,488.29
Ring3_Auto,157,24/06/2020 6:04,403,0,3,1.53,1.2,0.9961,1.4,1.2,0.9958,4,493.32
Ring3_Auto,191,24/06/2020 6:34,404,0,3,1.6,1.2,0.9954,1.43,1.2,0.9949,3.51,489.26
Ring3_Auto,30,24/06/2020 7:04,405,0,3,1.34,1.1,0.998,1.34,1.1,0.998,3.22,496.04
Ring3_Auto,148,24/06/2020 7:34,406,0,3,1.58,1.2,0.9963,1.38,1.2,0.9955,3.17,494.17
Ring3_Auto,174,24/06/2020 8:04,407,0,3,1.55,1.2,0.9958,1.38,1.2,0.9952,3.5,486.37
Ring3_Auto,26,24/06/2020 8:34,408,0,3,1.52,1.1,0.9981,1.4,1.1,0.9977,4.34,480.2
Ring3_Auto,183,24/06/2020 9:04,409,0,3,1.75,1.2,0.9956,1.43,1.2,0.9936,6.1,478.85
Ring3_Auto,268,24/06/2020 9:34,410,0,3,1.65,1.2,0.9934,1.43,1.2,0.9926,8.16,489.63
Ring3_Auto,82,24/06/2020 10:04,411,0,3,1.71,1.1,0.9972,1.47,1.2,0.996,10.71,476.04
Ring3_Auto,287,24/06/2020 10:34,412,0,3,2.15,1.2,0.993,1.59,1.3,0.9897,13.49,441.51
Ring3_Auto,1,24/06/2020 11:04,413,0,3,1.86,1.1,0.9995,1.62,1.1,0.9982,14.43,421.79
Ring3_Auto,225,24/06/2020 11:34,414,0,3,1.82,1.2,0.9948,1.5,1.2,0.9928,17.16,413.62
Ring3_Auto,170,24/06/2020 12:04,415,0,3,1.7,1.2,0.9959,1.7,1.2,0.9959,17.68,411.77
Ring3_Auto,40,24/06/2020 12:34,416,0,3,1.96,1.1,0.9979,1.81,1.1,0.9976,19.97,408.59
Ring3_Auto,260,24/06/2020 13:04,417,0,3,1.54,1.2,0.9936,1.54,1.2,0.9936,20,409.61
Ring3_Auto,203,24/06/2020 13:34,418,0,3,1.65,1.2,0.9951,1.52,1.2,0.9949,19,408.84
Ring3_Auto,69,24/06/2020 14:04,419,0,3,1.69,1.1,0.9974,1.57,1.2,0.9972,18.09,411.5
Ring3_Auto,47,24/06/2020 14:34,420,0,3,1.64,1.1,0.9978,1.56,1.1,0.9977,17.47,412.64
Ring3_Auto,77,24/06/2020 15:04,421,0,3,1.79,1.1,0.9973,1.62,1.2,0.9968,17.46,409.71
Ring3_Auto,205,24/06/2020 15:34,422,0,3,1.71,1.2,0.9951,1.58,1.2,0.9949,17.2,412.02
Ring3_Auto,60,24/06/2020 16:04,423,0,3,1.71,1.1,0.9976,1.61,1.1,0.9975,16.87,426.78
Ring3_Auto,296,24/06/2020 16:34,424,0,3,1.68,1.2,0.9922,1.54,1.3,0.992,16.21,545.51
Ring3_Auto,329,24/06/2020 17:04,425,0,3,1.92,1.5,0.9753,1.75,1.1,0.9981,15.34,504.91
Ring3_Auto,106,24/06/2020 17:34,426,0,3,2.44,1.1,0.9966,1.84,1.2,0.9935,14.52,455.54
Ring3_Auto,320,24/06/2020 18:04,427,0,3,1.96,1.3,0.9892,1.71,1.3,0.9886,12.89,477.23
Ring3_Auto,257,24/06/2020 18:34,428,0,3,1.69,1.2,0.9939,1.69,1.2,0.9939,11.96,462.18
Ring3_Auto,236,24/06/2020 19:04,429,0,3,2.03,1.2,0.9946,1.71,1.2,0.9931,11.35,467.91
Ring3_Auto,327,24/06/2020 19:34,430,0,3,2.18,1.3,0.9792,1.6,1.5,0.9767,10.6,529.44
Ring3_Auto,321,24/06/2020 20:04,431,0,3,1.98,1.3,0.9883,1.64,1.3,0.9873,10.34,512.16
Ring3_Auto,306,24/06/2020 20:34,432,0,3,1.96,1.2,0.9907,1.66,1.3,0.9894,10.54,493.51
Ring3_Auto,264,24/06/2020 21:04,433,0,3,1.93,1.2,0.9936,1.64,1.2,0.9927,9.96,500.14
Ring3_Auto,78,24/06/2020 21:34,434,0,3,1.81,1.1,0.9973,1.61,1.2,0.9966,9.36,493.13
Ring3_Auto,222,24/06/2020 22:04,435,0,3,1.66,1.2,0.9948,1.55,1.2,0.9946,8.4,504.3
Ring3_Auto,210,24/06/2020 22:34,436,0,3,1.78,1.2,0.995,1.58,1.2,0.9945,8.29,525.98
Ring3_Auto,164,24/06/2020 23:04,437,0,3,1.71,1.2,0.996,1.56,1.2,0.9956,8.22,508.2
Ring3_Auto,218,24/06/2020 23:34,438,0,3,1.85,1.2,0.9949,1.62,1.2,0.9942,8.16,510.54
Ring3_Auto,27,25/06/2020 0:04,439,0,3,1.74,1.1,0.9981,1.57,1.1,0.9974,7.89,515.64
Ring3_Auto,149,25/06/2020 0:34,440,0,3,1.68,1.2,0.9963,1.53,1.2,0.996,6.86,510
Ring3_Auto,68,25/06/2020 1:04,441,0,3,1.67,1.1,0.9974,1.53,1.2,0.997,6.69,492.25
Ring3_Auto,163,25/06/2020 1:34,442,0,3,1.67,1.2,0.996,1.51,1.2,0.9955,6.44,514.41
Ring3_Auto,194,25/06/2020 2:04,443,0,3,1.55,1.2,0.9953,1.47,1.2,0.9952,6.11,508.42
Ring3_Auto,7,25/06/2020 2:34,444,0,3,1.46,1.1,0.9988,1.44,1.1,0.9988,6.2,514.43
Ring3_Auto,17,25/06/2020 3:04,445,0,3,1.59,1.1,0.9983,1.46,1.1,0.9985,6.07,547.3
Ring3_Auto,128,25/06/2020 3:34,446,0,3,1.55,1.2,0.9967,1.46,1.2,0.9966,5.31,526.76
Ring3_Auto,135,25/06/2020 4:04,447,0,3,1.58,1.2,0.9966,1.44,1.2,0.9963,5.2,522.35
Ring3_Auto,95,25/06/2020 4:34,448,0,3,1.68,1.1,0.9969,1.49,1.2,0.9962,5.57,529.25
Ring3_Auto,136,25/06/2020 5:04,449,0,3,1.61,1.2,0.9966,1.49,1.2,0.9964,4.93,516.67
Ring3_Auto,226,25/06/2020 5:34,450,0,3,1.63,1.2,0.9947,1.45,1.2,0.9941,4.82,534.92
Ring3_Auto,46,25/06/2020 6:04,451,0,3,1.6,1.1,0.9978,1.46,1.2,0.9974,4.31,527.03
Ring3_Auto,233,25/06/2020 6:34,452,0,3,1.56,1.2,0.9946,1.4,1.2,0.9942,4.06,528.16
Ring3_Auto,177,25/06/2020 7:04,453,0,3,1.49,1.2,0.9957,1.4,1.2,0.9956,3.9,522.62
Ring3_Auto,243,25/06/2020 7:34,454,0,3,1.48,1.2,0.9943,1.36,1.2,0.994,3.84,517.62
Ring3_Auto,255,25/06/2020 8:04,455,0,3,1.46,1.2,0.994,1.36,1.2,0.9939,4.39,523.66
Ring3_Auto,154,25/06/2020 8:34,456,0,3,1.51,1.2,0.9962,1.39,1.2,0.9959,5.63,523.64
Ring3_Auto,304,25/06/2020 9:04,457,0,3,1.66,1.2,0.9913,1.43,1.3,0.9904,6.84,520.14
Ring3_Auto,208,25/06/2020 9:34,458,0,3,1.48,1.2,0.995,1.35,1.2,0.9947,8.74,572.31
Ring3_Auto,213,25/06/2020 10:04,459,0,3,1.61,1.2,0.9949,1.47,1.2,0.9946,10.76,468.58
Ring3_Auto,251,25/06/2020 10:34,460,0,3,1.67,1.2,0.9941,1.43,1.2,0.9931,12.54,442.53
Ring3_Auto,10,25/06/2020 11:04,461,0,3,1.64,1.1,0.9985,1.52,1.1,0.9983,13.09,429.63
Ring3_Auto,14,25/06/2020 11:34,462,0,3,1.74,1.1,0.9984,1.47,1.2,0.9969,15.13,424.5
Ring3_Auto,119,25/06/2020 12:04,463,0,3,1.55,1.2,0.9972,1.55,1.2,0.9972,15.69,424.63
Ring3_Auto,289,25/06/2020 12:34,464,0,3,2.15,1.2,0.9928,1.69,1.3,0.9896,18.61,423.38
Ring3_Auto,190,25/06/2020 13:04,465,0,3,1.48,1.2,0.9954,1.48,1.2,0.9954,19.01,424.1
Ring3_Auto,36,25/06/2020 13:34,466,0,3,1.77,1.1,0.9979,1.62,1.1,0.9975,17.85,416.59
Ring3_Auto,101,25/06/2020 14:04,467,0,3,2.16,1.1,0.9967,1.59,1.3,0.9905,17.24,414.34
Ring3_Auto,313,25/06/2020 14:34,468,0,3,2.28,1.2,0.9891,1.69,1.4,0.9862,17.14,427.08
Ring3_Auto,325,25/06/2020 15:04,469,0,3,2.01,1.3,0.9844,1.59,1.4,0.9831,16.85,451.26
Ring3_Auto,98,25/06/2020 15:34,470,0,3,1.95,1.1,0.9968,1.67,1.2,0.9955,15.24,447.12
Ring3_Auto,250,25/06/2020 16:04,471,0,3,2.15,1.2,0.9942,1.66,1.3,0.9916,14.54,445.14
Ring3_Auto,319,25/06/2020 16:34,472,0,3,1.77,1.3,0.9897,1.66,1.3,0.9896,13.45,447.81
Ring3_Auto,131,25/06/2020 17:04,473,0,3,1.82,1.2,0.9967,1.68,1.2,0.9965,12.29,478.94
Ring3_Auto,274,25/06/2020 17:34,474,0,3,1.95,1.2,0.9934,1.64,1.3,0.9921,11.32,480.21
Ring3_Auto,323,25/06/2020 18:04,475,0,3,2,1.3,0.9854,1.59,1.4,0.9841,10.51,479.98
Ring3_Auto,182,25/06/2020 18:34,476,0,3,1.73,1.2,0.9956,1.61,1.1,0.9973,9.9,503.6
Ring3_Auto,207,25/06/2020 19:04,477,0,3,1.79,1.2,0.9951,1.59,1.2,0.9946,9.67,486.35
Ring3_Auto,186,25/06/2020 19:34,478,0,3,1.85,1.2,0.9956,1.58,1.2,0.9944,8.81,462.35
Ring3_Auto,223,25/06/2020 20:04,479,0,3,1.71,1.2,0.9948,1.56,1.2,0.9944,8.58,476.9
Ring3_Auto,217,25/06/2020 20:34,480,0,3,1.75,1.2,0.9949,1.54,1.2,0.9941,8.53,495.04
Ring3_Auto,302,25/06/2020 21:04,481,0,3,1.8,1.2,0.9914,1.53,1.3,0.9906,8.25,473.85
Ring3_Auto,92,25/06/2020 21:34,482,0,3,1.69,1.1,0.997,1.54,1.2,0.9966,8.17,459.51
Ring3_Auto,269,25/06/2020 22:04,483,0,3,1.7,1.2,0.9934,1.48,1.2,0.9927,7.53,478.57
Ring3_Auto,215,25/06/2020 22:34,484,0,3,1.68,1.2,0.9949,1.5,1.2,0.9945,7.12,466.93
Ring3_Auto,129,25/06/2020 23:04,485,0,3,1.61,1.2,0.9967,1.48,1.2,0.9963,6.31,476.48
Ring3_Auto,209,25/06/2020 23:34,486,0,3,1.64,1.2,0.995,1.45,1.2,0.9945,6.07,473.2
Ring3_Auto,239,26/06/2020 0:04,487,0,3,1.61,1.2,0.9945,1.45,1.2,0.9941,5.64,490.33
Ring3_Auto,267,26/06/2020 0:34,488,0,3,1.59,1.2,0.9934,1.42,1.2,0.9929,5.67,482.8
Ring3_Auto,140,26/06/2020 1:04,489,0,3,1.57,1.2,0.9965,1.43,1.2,0.9962,4.89,485.66
Ring3_Auto,44,26/06/2020 1:34,490,0,3,1.52,1.1,0.9978,1.41,1.1,0.9975,4.33,488.86
Ring3_Auto,180,26/06/2020 2:04,491,0,3,1.63,1.2,0.9956,1.4,1.2,0.9945,4.6,490.86
Ring3_Auto,201,26/06/2020 2:34,492,0,3,1.73,1.2,0.9952,1.45,1.2,0.9938,4.49,489.71
Ring3_Auto,93,26/06/2020 3:04,493,0,3,1.5,1.1,0.9969,1.36,1.2,0.9965,4.17,527
Ring3_Auto,52,26/06/2020 3:34,494,0,3,1.42,1.1,0.9977,1.36,1.1,0.9976,4.25,517.83
Ring3_Auto,25,26/06/2020 4:04,495,0,3,1.48,1.1,0.9981,1.41,1.1,0.998,3.61,510.1
Ring3_Auto,74,26/06/2020 4:34,496,0,3,1.55,1.1,0.9973,1.4,1.2,0.9967,3.72,498.95
Ring3_Auto,96,26/06/2020 5:04,497,0,3,1.48,1.1,0.9968,1.34,1.2,0.9963,2.76,506.42
Ring3_Auto,153,26/06/2020 5:34,498,0,3,1.4,1.2,0.9962,1.32,1.2,0.996,2.99,504.8
Ring3_Auto,89,26/06/2020 6:04,499,0,3,1.43,1.1,0.997,1.31,1.2,0.9968,2.98,512.71
Ring3_Auto,97,26/06/2020 6:34,500,0,3,1.51,1.1,0.9968,1.33,1.2,0.9961,3.13,501.45
Ring3_Auto,176,26/06/2020 7:04,501,0,3,1.49,1.2,0.9957,1.35,1.2,0.9952,2.87,491.04
Ring3_Auto,73,26/06/2020 7:34,502,0,3,1.41,1.1,0.9973,1.28,1.2,0.9968,2.77,509.72
Ring3_Auto,158,26/06/2020 8:04,503,0,3,1.58,1.2,0.9961,1.36,1.2,0.9951,3.04,488.55
Ring3_Auto,90,26/06/2020 8:34,504,0,3,1.52,1.1,0.997,1.32,1.2,0.9959,4.08,519.19
Ring3_Auto,259,26/06/2020 9:04,505,0,3,1.55,1.2,0.9937,1.33,1.2,0.9928,5.42,494.51
Ring3_Auto,94,26/06/2020 9:34,506,0,3,1.55,1.1,0.9969,1.39,1.2,0.9962,7.36,468.04
Ring3_Auto,195,26/06/2020 10:04,507,0,3,1.57,1.2,0.9953,1.38,1.2,0.9946,9.55,456.3
Ring3_Auto,86,26/06/2020 10:34,508,0,3,1.55,1.1,0.9971,1.39,1.2,0.9964,11.57,444.69
Ring3_Auto,54,26/06/2020 11:04,509,0,3,1.59,1.1,0.9977,1.41,1.2,0.9969,12.27,432.72
Ring3_Auto,278,26/06/2020 11:34,510,0,3,1.54,1.2,0.9933,1.35,1.2,0.9926,14.22,419.09
Ring3_Auto,141,26/06/2020 12:04,511,0,3,1.45,1.2,0.9964,1.45,1.2,0.9964,15.91,421.65
Ring3_Auto,333,26/06/2020 12:34,512,0,3,1.78,1.8,0.9509,1.61,1.2,0.9963,20.37,425.3
Ring3_Auto,266,26/06/2020 13:04,513,0,3,1.39,1.2,0.9934,1.39,1.2,0.9934,19.41,412.38
Ring3_Auto,23,26/06/2020 13:34,514,0,3,1.74,1.1,0.9982,1.53,1.1,0.9974,18.18,415.28
Ring3_Auto,235,26/06/2020 14:04,515,0,3,1.85,1.2,0.9946,1.47,1.2,0.9924,17.33,411.84
Ring3_Auto,326,26/06/2020 14:34,516,0,3,1.92,1.3,0.9833,1.5,1.4,0.9821,16.79,442.63
Ring3_Auto,331,26/06/2020 15:04,517,0,3,1.61,1.7,0.9634,1.54,1.2,0.9962,16.63,437.97
Ring3_Auto,206,26/06/2020 15:34,518,0,3,1.72,1.2,0.9951,1.57,1.2,0.9948,15.56,436.11
Ring3_Auto,41,26/06/2020 16:34,520,0,3,2.12,1.1,0.9979,1.61,1.2,0.9929,13.82,456.59
Ring3_Auto,334,26/06/2020 17:04,521,0,3,1.75,2.2,0.9192,1.67,1.2,0.9959,12.14,466.27
Ring3_Auto,315,26/06/2020 17:34,522,0,3,2.02,1.2,0.9875,1.58,1.4,0.9855,10.79,466.67
Ring3_Auto,279,26/06/2020 18:04,523,0,3,1.78,1.2,0.9932,1.54,1.2,0.9923,10.02,466.44
Ring3_Auto,311,26/06/2020 18:34,524,0,3,1.77,1.2,0.9897,1.51,1.3,0.9889,9.62,474.92
Ring3_Auto,103,26/06/2020 19:04,525,0,3,1.72,1.1,0.9966,1.52,1.2,0.9959,8.72,464.37
Ring3_Auto,99,26/06/2020 19:34,526,0,3,1.64,1.1,0.9967,1.46,1.2,0.9961,8.49,480.15
Ring3_Auto,308,26/06/2020 20:04,527,0,3,1.79,1.2,0.9904,1.47,1.3,0.9889,8.23,477.4
Ring3_Auto,322,26/06/2020 20:34,528,0,3,1.69,1.3,0.987,1.45,1.4,0.9863,7.89,472.89
Ring3_Auto,113,26/06/2020 21:04,529,0,3,1.63,1.1,0.9963,1.45,1.2,0.9957,7.64,468.07
Ring3_Auto,202,26/06/2020 21:34,530,0,3,1.64,1.2,0.9951,1.46,1.2,0.9945,7.35,473.55
Ring3_Auto,314,26/06/2020 22:04,531,0,3,1.73,1.2,0.9889,1.45,1.3,0.9879,7.39,474.83
Ring3_Auto,204,26/06/2020 22:34,532,0,3,1.65,1.2,0.9951,1.46,1.2,0.9945,7.15,485.46
Ring3_Auto,102,26/06/2020 23:04,533,0,3,1.61,1.1,0.9966,1.44,1.2,0.996,7,487.97
Ring3_Auto,107,26/06/2020 23:34,534,0,3,1.59,1.1,0.9965,1.41,1.2,0.9958,6.3,497.92
Ring3_Auto,146,27/06/2020 0:04,535,0,3,1.55,1.2,0.9963,1.39,1.2,0.9958,5.92,525.18
Ring3_Auto,178,27/06/2020 0:34,536,0,3,1.51,1.2,0.9957,1.36,1.2,0.9952,5.25,505.63
Ring3_Auto,55,27/06/2020 1:04,537,0,3,1.66,1.1,0.9977,1.43,1.2,0.9964,5.73,510.69
Ring3_Auto,13,27/06/2020 1:34,538,0,3,1.56,1.1,0.9984,1.43,1.1,0.9979,5.74,516.17
Ring3_Auto,244,27/06/2020 2:04,539,0,3,1.49,1.2,0.9943,1.4,1.2,0.9942,6.34,493.84
Ring3_Auto,85,27/06/2020 2:34,540,0,3,1.5,1.1,0.9971,1.38,1.2,0.9968,5.77,520.57
Ring3_Auto,42,27/06/2020 3:04,541,0,3,1.41,1.1,0.9978,1.37,1.1,0.9978,6.26,497.48
Ring3_Auto,116,27/06/2020 3:34,542,0,3,1.65,1.1,0.996,1.41,1.2,0.9948,6.54,496.69
Ring3_Auto,214,27/06/2020 4:04,543,0,3,1.64,1.2,0.9949,1.41,1.2,0.9939,6.39,490.26
Ring3_Auto,63,27/06/2020 4:34,544,0,3,1.52,1.1,0.9975,1.4,1.1,0.9972,6.41,493.49
Ring3_Auto,232,27/06/2020 5:04,545,0,3,1.55,1.2,0.9946,1.39,1.2,0.9941,6.91,492.67
Ring3_Auto,221,27/06/2020 5:34,546,0,3,1.58,1.2,0.9948,1.41,1.2,0.9943,7.26,487.19
Ring3_Auto,286,27/06/2020 6:04,547,0,3,1.7,1.2,0.993,1.39,1.3,0.9912,7.41,501.74
Ring3_Auto,112,27/06/2020 6:34,548,0,3,1.6,1.1,0.9963,1.36,1.2,0.995,7.61,506.53
Ring3_Auto,196,27/06/2020 7:04,549,0,3,1.61,1.2,0.9953,1.38,1.2,0.9942,7.89,503.94
Ring3_Auto,256,27/06/2020 7:34,550,0,3,1.51,1.2,0.9939,1.41,1.2,0.9938,8.03,499.14
Ring3_Auto,58,27/06/2020 8:04,551,0,3,1.4,1.1,0.9976,1.37,1.1,0.9976,8.65,503.06
Ring3_Auto,285,27/06/2020 8:34,552,0,3,1.53,1.2,0.993,1.4,1.2,0.9927,9.22,486.21
Ring3_Auto,21,27/06/2020 9:04,553,0,3,1.42,1.1,0.9982,1.36,1.1,0.9982,10.07,515.41
Ring3_Auto,290,27/06/2020 9:34,554,0,3,1.58,1.2,0.9927,1.41,1.2,0.9923,11.06,472.89
Ring3_Auto,87,27/06/2020 10:04,555,0,3,1.64,1.1,0.9971,1.5,1.2,0.9968,13.11,434.71
Ring3_Auto,43,27/06/2020 10:34,556,0,3,1.51,1.1,0.9978,1.46,1.1,0.9978,14.37,419.98
Ring3_Auto,108,27/06/2020 11:04,557,0,3,1.7,1.1,0.9965,1.46,1.2,0.9954,15.05,409.23
Ring3_Auto,91,27/06/2020 11:34,558,0,3,1.69,1.1,0.997,1.44,1.2,0.9957,15.16,411.24
Ring3_Auto,245,27/06/2020 12:04,559,0,3,1.69,1.2,0.9943,1.36,1.2,0.9922,15.41,408.5
Ring3_Auto,9,27/06/2020 12:34,560,0,3,1.95,1.1,0.9986,1.51,1.2,0.9949,15.54,409.53
Ring3_Auto,51,27/06/2020 13:04,561,0,3,1.34,1.1,0.9977,1.34,1.1,0.9977,15.92,407.46
Ring3_Auto,48,27/06/2020 13:34,562,0,3,1.88,1.1,0.9978,1.53,1.2,0.9957,16.16,404.67
Ring3_Auto,66,27/06/2020 14:04,563,0,3,1.59,1.1,0.9974,1.47,1.1,0.9972,15.94,406.41
Ring3_Auto,273,27/06/2020 14:34,564,0,3,1.85,1.2,0.9934,1.53,1.2,0.992,15.18,405.64
Ring3_Auto,240,27/06/2020 15:04,565,0,3,1.67,1.2,0.9945,1.54,1.2,0.9943,15.39,405.3
Ring3_Auto,252,27/06/2020 15:34,566,0,3,1.78,1.2,0.9941,1.53,1.2,0.9932,15.33,406.79
Ring3_Auto,328,27/06/2020 16:04,567,0,3,1.56,1.4,0.9825,1.56,1.4,0.9825,14.55,518.83
Ring3_Auto,211,27/06/2020 16:34,568,0,3,1.79,1.2,0.995,1.56,1.2,0.9941,14.47,404.09
Ring3_Auto,28,27/06/2020 17:04,569,0,3,1.81,1.1,0.9981,1.62,1.1,0.9974,13.68,418.33
Ring3_Auto,111,27/06/2020 17:34,570,0,3,2.09,1.1,0.9964,1.59,1.3,0.991,13.05,439.44
Ring3_Auto,3,27/06/2020 18:04,571,0,3,1.91,1.1,0.9992,1.63,1.1,0.9978,12.97,458.2
Ring3_Auto,67,27/06/2020 18:34,572,0,3,1.67,1.1,0.9974,1.58,1.1,0.9973,12.48,447.58
Ring3_Auto,166,27/06/2020 19:04,573,0,3,1.8,1.2,0.996,1.59,1.2,0.9952,11.96,452.94
Ring3_Auto,297,27/06/2020 19:34,574,0,3,1.73,1.2,0.9921,1.58,1.3,0.9918,11.88,450.34
Ring3_Auto,271,27/06/2020 20:04,575,0,3,1.83,1.2,0.9934,1.61,1.2,0.9927,11.68,468.07
Ring3_Auto,305,27/06/2020 20:34,576,0,3,1.75,1.2,0.9911,1.56,1.3,0.9907,11.48,453.36
Ring3_Auto,197,27/06/2020 21:04,577,0,3,1.77,1.2,0.9953,1.55,1.2,0.9945,11.48,453.16
Ring3_Auto,300,27/06/2020 21:34,578,0,3,1.92,1.2,0.9915,1.58,1.3,0.9901,11.49,475.32
Ring3_Auto,307,27/06/2020 22:04,579,0,3,1.81,1.2,0.9906,1.55,1.3,0.9899,11.48,485.89
Ring3_Auto,200,27/06/2020 22:34,580,0,3,1.69,1.2,0.9952,1.6,1.2,0.995,11.38,468.84
Ring3_Auto,81,27/06/2020 23:04,581,0,3,1.7,1.1,0.9972,1.56,1.2,0.9968,10.69,514.48
Ring3_Auto,310,27/06/2020 23:34,582,0,3,1.98,1.2,0.9902,1.62,1.3,0.9887,10.55,464.81
Ring3_Auto,45,28/06/2020 0:04,583,0,3,1.6,1.1,0.9978,1.57,1.1,0.9978,10.85,496.9
Ring3_Auto,238,28/06/2020 0:34,584,0,3,1.6,1.2,0.9945,1.6,1.2,0.9945,10.58,495.23
Ring3_Auto,270,28/06/2020 1:04,585,0,3,1.76,1.2,0.9934,1.59,1.2,0.9931,10.2,467.82
Ring3_Auto,172,28/06/2020 1:34,586,0,3,1.84,1.2,0.9959,1.63,1.2,0.9953,9.97,458.46
Ring3_Auto,280,28/06/2020 2:04,587,0,3,1.84,1.2,0.9932,1.63,1.2,0.9927,10.07,466.04
Ring3_Auto,299,28/06/2020 2:34,588,0,3,1.88,1.2,0.9918,1.63,1.3,0.9911,9.71,464.31
Ring3_Auto,249,28/06/2020 3:04,589,0,3,1.83,1.2,0.9942,1.58,1.2,0.9933,9.08,480.12
Ring3_Auto,298,28/06/2020 3:34,590,0,3,1.75,1.2,0.992,1.57,1.3,0.9917,8.77,491.98
Ring3_Auto,88,28/06/2020 4:04,591,0,3,1.7,1.1,0.9971,1.55,1.2,0.9966,8.45,512.74
Ring3_Auto,37,28/06/2020 4:34,592,0,3,1.79,1.1,0.9979,1.6,1.1,0.9972,8.39,504.46
Ring3_Auto,282,28/06/2020 5:04,593,0,3,1.81,1.2,0.9931,1.56,1.2,0.9923,8.66,506.68
Ring3_Auto,75,28/06/2020 5:34,594,0,3,1.66,1.1,0.9973,1.55,1.1,0.997,8.55,516.7
Ring3_Auto,258,28/06/2020 6:04,595,0,3,1.72,1.2,0.9938,1.53,1.2,0.9933,7.54,531.63
Ring3_Auto,18,28/06/2020 6:34,596,0,3,1.66,1.1,0.9983,1.54,1.1,0.9981,7.39,523.75
Ring3_Auto,80,28/06/2020 7:04,597,0,3,1.61,1.1,0.9972,1.49,1.2,0.9969,7.19,508.15
Ring3_Auto,261,28/06/2020 7:34,598,0,3,1.71,1.2,0.9936,1.47,1.2,0.9927,6.92,520.11
Ring3_Auto,159,28/06/2020 8:04,599,0,3,1.63,1.2,0.9961,1.5,1.2,0.9958,7.41,534.47
Ring3_Auto,160,28/06/2020 8:34,600,0,3,1.69,1.2,0.9961,1.51,1.2,0.9955,7.66,492.9
Ring3_Auto,265,28/06/2020 9:04,601,0,3,1.83,1.2,0.9935,1.53,1.2,0.992,8.86,465.2
Ring3_Auto,169,28/06/2020 9:34,602,0,3,1.65,1.2,0.9959,1.5,1.2,0.9956,10.67,441.73
Ring3_Auto,83,28/06/2020 10:04,603,0,3,1.8,1.1,0.9972,1.53,1.2,0.9955,12.72,432.49
Ring3_Auto,117,28/06/2020 10:34,604,0,3,2.19,1.1,0.9957,1.61,1.2,0.9921,13.31,423.81
Ring3_Auto,64,28/06/2020 11:04,605,0,3,1.66,1.1,0.9975,1.6,1.1,0.9974,13.95,421.78
Ring3_Auto,100,28/06/2020 11:34,606,0,3,2.15,1.1,0.9967,1.62,1.2,0.9928,16.81,414.16
Ring3_Auto,11,28/06/2020 12:04,607,0,3,1.85,1.1,0.9985,1.64,1.1,0.9977,16.44,410.07
Ring3_Auto,110,28/06/2020 12:34,608,0,3,2.03,1.1,0.9964,1.64,1.2,0.9941,16.45,409.54
Ring3_Auto,295,28/06/2020 13:04,609,0,3,1.97,1.2,0.9923,1.47,1.3,0.9878,16.48,407.99
Ring3_Auto,181,28/06/2020 13:34,610,0,3,1.72,1.2,0.9956,1.59,1.2,0.9953,18.03,410.91
Ring3_Auto,35,28/06/2020 14:04,611,0,3,1.72,1.1,0.9979,1.61,1.1,0.9977,16.78,406.89
Ring3_Auto,115,28/06/2020 14:34,612,0,3,2.15,1.1,0.9961,1.66,1.2,0.9932,16.1,410.76
Ring3_Auto,248,28/06/2020 15:04,613,0,3,1.82,1.2,0.9942,1.58,1.2,0.9934,16.89,408.99
Ring3_Auto,281,28/06/2020 15:34,614,0,3,1.98,1.2,0.9932,1.59,1.3,0.9913,15.89,406.82
Ring3_Auto,275,28/06/2020 16:04,615,0,3,2.01,1.2,0.9934,1.73,1.2,0.9926,14.98,418.91
Ring3_Auto,150,28/06/2020 16:34,616,0,3,1.89,1.2,0.9963,1.77,1.2,0.9962,14.52,430.71
Ring3_Auto,284,28/06/2020 17:04,617,0,3,2.36,1.2,0.9931,1.7,1.3,0.9874,13.77,435.6
Ring3_Auto,316,28/06/2020 17:34,618,0,3,2.18,1.2,0.9871,1.69,1.4,0.9858,13.07,450.83
Ring3_Auto,288,28/06/2020 18:04,619,0,3,1.96,1.2,0.9928,1.68,1.3,0.9916,12.27,470.93
Ring3_Auto,303,28/06/2020 18:34,620,0,3,1.88,1.2,0.9914,1.62,1.3,0.9905,11.78,486.82
Ring3_Auto,272,28/06/2020 19:04,621,0,3,1.84,1.2,0.9934,1.64,1.2,0.9929,11.23,462.07
Ring3_Auto,253,28/06/2020 19:34,622,0,3,1.86,1.2,0.9941,1.61,1.2,0.9932,11.13,464.12
Ring3_Auto,312,28/06/2020 20:04,623,0,3,1.89,1.2,0.9893,1.57,1.3,0.9882,11.01,458.7
Ring3_Auto,219,28/06/2020 20:34,624,0,3,1.86,1.2,0.9949,1.62,1.2,0.9941,10,459.16
Ring3_Auto,292,28/06/2020 21:04,625,0,3,1.79,1.2,0.9925,1.59,1.2,0.992,10.34,469.22
Ring3_Auto,294,28/06/2020 21:34,626,0,3,1.82,1.2,0.9923,1.57,1.3,0.9914,10.86,455.58
Ring3_Auto,105,28/06/2020 22:04,627,0,3,1.82,1.1,0.9966,1.58,1.2,0.9956,10.75,464
Ring3_Auto,324,28/06/2020 22:34,628,0,3,2.03,1.3,0.9847,1.59,1.4,0.9829,9.4,474.74
Ring3_Auto,114,28/06/2020 23:04,629,0,3,1.93,1.1,0.9963,1.63,1.2,0.995,8.75,453.85
Ring3_Auto,104,28/06/2020 23:34,630,0,3,1.75,1.1,0.9966,1.55,1.2,0.9959,7.88,484.91
Ring3_Auto,109,29/06/2020 0:04,631,0,3,1.7,1.1,0.9964,1.52,1.2,0.9958,7.68,482.93
Ring3_Auto,227,29/06/2020 0:34,632,0,3,1.66,1.2,0.995,1.5,1.2,0.9947,7.27,503.96
Ring3_Auto,248,29/06/2020 1:04,633,0,3,1.72,1.2,0.9945,1.5,1.2,0.9938,6.81,508.95
Ring3_Auto,109,29/06/2020 1:34,634,0,3,1.63,1.1,0.9968,1.46,1.2,0.9962,7.28,499.05
Ring3_Auto,64,29/06/2020 2:04,635,0,3,1.62,1.1,0.9975,1.5,1.1,0.9973,8.09,483.85
Ring3_Auto,219,29/06/2020 2:34,636,0,3,1.78,1.2,0.9952,1.53,1.2,0.994,8.34,485.82
Ring3_Auto,209,29/06/2020 3:04,637,0,3,1.72,1.2,0.9954,1.51,1.2,0.9947,8.66,484.65
Ring3_Auto,118,29/06/2020 3:34,638,0,3,1.71,1.1,0.9967,1.54,1.2,0.9961,9,474.51
Ring3_Auto,283,29/06/2020 4:04,639,0,3,1.84,1.2,0.9932,1.54,1.3,0.9917,9.21,479.67
Ring3_Auto,295,29/06/2020 4:34,640,0,3,1.7,1.2,0.9927,1.52,1.2,0.9923,9.13,478.47
Ring3_Auto,195,29/06/2020 5:04,641,0,3,1.76,1.2,0.9956,1.53,1.2,0.9948,9.15,480.95
Ring3_Auto,270,29/06/2020 5:34,642,0,3,1.79,1.2,0.9939,1.55,1.2,0.993,9.26,476.47
Ring3_Auto,194,29/06/2020 6:04,643,0,3,1.68,1.2,0.9956,1.55,1.2,0.9953,8.88,486.55
Ring3_Auto,60,29/06/2020 6:34,644,0,3,1.61,1.1,0.9976,1.47,1.1,0.9972,7.7,505.82
Ring3_Auto,207,29/06/2020 7:04,645,0,3,1.65,1.2,0.9954,1.51,1.2,0.9951,8.04,496.71
Ring3_Auto,139,29/06/2020 7:34,646,0,3,1.5,1.2,0.9965,1.42,1.2,0.9964,8.62,505.68
Ring3_Auto,108,29/06/2020 8:04,647,0,3,1.6,1.1,0.9968,1.51,1.2,0.9967,9.14,494.8
Ring3_Auto,213,29/06/2020 8:34,648,0,3,1.57,1.2,0.9953,1.47,1.2,0.9951,9.9,488.25
Ring3_Auto,269,29/06/2020 9:04,649,0,3,1.5,1.2,0.9939,1.46,1.2,0.9939,11.14,472.39
Ring3_Auto,249,29/06/2020 9:34,650,0,3,1.53,1.2,0.9944,1.37,1.2,0.994,12.36,493.12
Ring3_Auto,6,29/06/2020 10:04,651,0,3,1.67,1.1,0.9988,1.52,1.1,0.9983,13.61,428.8
Ring3_Auto,199,29/06/2020 10:34,652,0,3,1.82,1.1,0.9955,1.47,1.2,0.9935,14.72,423.37
Ring3_Auto,8,29/06/2020 11:04,653,0,3,1.59,1.1,0.9987,1.5,1.1,0.9985,15.04,417.93
Ring3_Auto,183,29/06/2020 11:34,654,0,3,2.01,1.1,0.9957,1.6,1.2,0.9933,16.72,415.84
Ring3_Auto,319,29/06/2020 12:04,655,0,3,1.34,1.3,0.9892,1.34,1.3,0.9892,16.39,411.12
Ring3_Auto,260,29/06/2020 12:34,656,0,3,1.79,1.2,0.9942,1.51,1.2,0.9926,20.77,410.59
Ring3_Auto,107,29/06/2020 13:04,657,0,3,1.57,1.1,0.9968,1.57,1.1,0.9968,18.58,409.12
Ring3_Auto,30,29/06/2020 13:34,658,0,3,1.85,1.1,0.9981,1.67,1.1,0.9976,17.03,414.46
Ring3_Auto,167,29/06/2020 14:04,659,0,3,1.95,1.1,0.9961,1.67,1.2,0.995,15.89,411.58
Ring3_Auto,169,29/06/2020 14:34,660,0,3,1.67,1.2,0.9961,1.52,1.2,0.9957,16.71,410.61
Ring3_Auto,155,29/06/2020 15:04,661,0,3,2,1.1,0.9963,1.66,1.2,0.9945,15.62,408.73
Ring3_Auto,17,29/06/2020 15:34,662,0,3,1.72,1.1,0.9985,1.55,1.1,0.9978,15.55,419.76
Ring3_Auto,214,29/06/2020 16:04,663,0,3,1.61,1.2,0.9953,1.55,1.2,0.9952,14.07,466.37
Ring3_Auto,210,29/06/2020 16:34,664,0,3,1.93,1.2,0.9954,1.68,1.2,0.9945,14.21,431.57
Ring3_Auto,31,29/06/2020 17:04,665,0,3,2.01,1.1,0.9981,1.68,1.2,0.9965,14.29,419.81
Ring3_Auto,220,29/06/2020 17:34,666,0,3,2.4,1.1,0.9951,1.71,1.3,0.9908,13.54,442.07
Ring3_Auto,317,29/06/2020 18:04,667,0,3,2.22,1.2,0.9895,1.67,1.3,0.9867,12.89,475.39
Ring3_Auto,325,29/06/2020 18:34,668,0,3,2.17,1.3,0.9859,1.64,1.4,0.9834,12.79,463.9
Ring3_Auto,302,29/06/2020 19:04,669,0,3,2.06,1.2,0.9919,1.69,1.3,0.9903,12.18,484.86
Ring3_Auto,102,29/06/2020 20:04,671,0,3,1.69,1.1,0.9969,1.57,1.2,0.9966,11.08,514.65
Ring3_Auto,137,29/06/2020 20:34,672,0,3,1.79,1.1,0.9965,1.62,1.2,0.996,10.78,489.11
Ring3_Auto,332,29/06/2020 21:04,673,0,3,1.72,1.9,0.9444,1.62,1.1,0.9973,10.19,498.52
Ring3_Auto,72,29/06/2020 21:34,674,0,3,1.8,1.1,0.9974,1.62,1.2,0.9969,9.64,516.16
Ring3_Auto,280,29/06/2020 22:04,675,0,3,1.77,1.2,0.9933,1.55,1.2,0.9926,9.2,549.77
Ring3_Auto,215,29/06/2020 22:34,676,0,3,1.87,1.2,0.9953,1.56,1.2,0.9938,8.5,514.26
Ring3_Auto,289,29/06/2020 23:04,677,0,3,1.73,1.2,0.993,1.5,1.2,0.9923,7.54,557.05
Ring3_Auto,55,29/06/2020 23:34,678,0,3,1.63,1.1,0.9977,1.52,1.1,0.9975,7.59,499.45
Ring3_Auto,10,30/06/2020 0:04,679,0,3,1.75,1.1,0.9986,1.58,1.1,0.9981,7.65,487.74
Ring3_Auto,234,30/06/2020 0:34,680,0,3,1.79,1.2,0.9948,1.54,1.2,0.9938,7.45,535.51
Ring3_Auto,90,30/06/2020 1:04,681,0,3,1.75,1.1,0.9971,1.53,1.2,0.9962,7.26,544.76
Ring3_Auto,59,30/06/2020 1:34,682,0,3,1.55,1.1,0.9976,1.44,1.1,0.9973,6.4,568.63
Ring3_Auto,129,30/06/2020 2:04,683,0,3,1.69,1.1,0.9966,1.49,1.2,0.9958,6,524.01
Ring3_Auto,13,30/06/2020 2:34,684,0,3,1.47,1.1,0.9985,1.45,1.1,0.9985,5.69,531.8
Ring3_Auto,190,30/06/2020 3:04,685,0,3,1.77,1.2,0.9957,1.53,1.2,0.9946,6,497.98
Ring3_Auto,119,30/06/2020 3:34,686,0,3,1.72,1.1,0.9967,1.51,1.2,0.9959,5.83,487.43
Ring3_Auto,66,30/06/2020 4:04,687,0,3,1.65,1.1,0.9975,1.47,1.2,0.9968,5.85,507.25
Ring3_Auto,40,30/06/2020 4:34,688,0,3,1.59,1.1,0.9979,1.47,1.1,0.9976,6.41,495.75
Ring3_Auto,132,30/06/2020 5:04,689,0,3,1.55,1.2,0.9966,1.48,1.2,0.9965,6.55,493.63
Ring3_Auto,257,30/06/2020 5:34,690,0,3,1.77,1.2,0.9943,1.5,1.2,0.9931,6.39,482.78
Ring3_Auto,32,30/06/2020 6:04,691,0,3,1.67,1.1,0.998,1.5,1.1,0.9974,6.57,470.27
Ring3_Auto,247,30/06/2020 6:34,692,0,3,1.71,1.2,0.9945,1.46,1.2,0.9933,6.48,464.9
Ring3_Auto,96,30/06/2020 7:04,693,0,3,1.68,1.1,0.997,1.47,1.2,0.9961,6.46,466.84
Ring3_Auto,228,30/06/2020 7:34,694,0,3,1.67,1.2,0.995,1.44,1.2,0.994,6.29,466.05
Ring3_Auto,115,30/06/2020 8:04,695,0,3,1.64,1.1,0.9967,1.42,1.2,0.9957,6.68,481.2
Ring3_Auto,14,30/06/2020 8:34,696,0,3,1.54,1.1,0.9985,1.48,1.1,0.9984,7.46,453.52
Ring3_Auto,61,30/06/2020 9:04,697,0,3,1.68,1.1,0.9976,1.5,1.2,0.9969,7.73,447.71
Ring3_Auto,165,30/06/2020 9:34,698,0,3,1.66,1.2,0.9962,1.55,1.2,0.996,8.25,440.9
Ring3_Auto,94,30/06/2020 10:04,699,0,3,1.59,1.1,0.997,1.46,1.2,0.9966,9.05,438.85
Ring3_Auto,149,30/06/2020 10:34,700,0,3,1.64,1.1,0.9964,1.49,1.2,0.9959,9.69,434.87
Ring3_Auto,188,30/06/2020 11:04,701,0,3,1.71,1.2,0.9957,1.5,1.2,0.995,10.52,433.09
Ring3_Auto,83,30/06/2020 11:34,702,0,3,1.56,1.1,0.9972,1.51,1.1,0.9971,11.4,431.01
Ring3_Auto,112,30/06/2020 12:04,703,0,3,1.52,1.2,0.9968,1.52,1.2,0.9968,12.34,424.13
Ring3_Auto,218,30/06/2020 12:34,704,0,3,1.51,1.2,0.9952,1.51,1.2,0.9952,12.34,422.96
Ring3_Auto,178,30/06/2020 13:04,705,0,3,1.58,1.2,0.9959,1.51,1.2,0.9959,15.06,419.55
Ring3_Auto,97,30/06/2020 13:34,706,0,3,1.71,1.1,0.997,1.6,1.2,0.9969,16.26,415.66
Ring3_Auto,189,30/06/2020 14:04,707,0,3,1.71,1.2,0.9957,1.58,1.2,0.9955,15.76,412.11
Ring3_Auto,103,30/06/2020 14:34,708,0,3,1.84,1.1,0.9969,1.64,1.2,0.9962,15.93,417.9
Ring3_Auto,171,30/06/2020 15:04,709,0,3,1.83,1.2,0.9961,1.62,1.2,0.9954,16.16,425.98
Ring3_Auto,166,30/06/2020 15:34,710,0,3,1.71,1.2,0.9962,1.61,1.2,0.9961,15.37,421.08
Ring3_Auto,258,30/06/2020 16:04,711,0,3,2.12,1.2,0.9943,1.69,1.3,0.992,14.41,438.88
Ring3_Auto,316,30/06/2020 16:34,712,0,3,2.02,1.2,0.9896,1.69,1.3,0.9886,13.32,448.68
Ring3_Auto,309,30/06/2020 17:04,713,0,3,2.1,1.2,0.9914,1.73,1.3,0.9897,12.06,454.79
Ring3_Auto,329,30/06/2020 17:34,714,0,3,2.24,1.3,0.9796,1.62,1.5,0.9778,11.43,461.77
Ring3_Auto,44,30/06/2020 18:04,715,0,3,1.85,1.1,0.9979,1.65,1.1,0.9971,10.67,483.02
Ring3_Auto,147,30/06/2020 18:34,716,0,3,1.74,1.2,0.9965,1.58,1.2,0.996,9.78,522.61
Ring3_Auto,299,30/06/2020 19:04,717,0,3,1.8,1.2,0.9922,1.54,1.3,0.9914,9.17,531.51
Ring3_Auto,123,30/06/2020 19:34,718,0,3,1.87,1.1,0.9967,1.62,1.2,0.9955,9.27,498.33
Ring3_Auto,231,30/06/2020 20:04,719,0,3,1.65,1.2,0.9949,1.51,1.2,0.9946,8.04,522.23
Ring3_Auto,203,30/06/2020 20:34,720,0,3,1.64,1.2,0.9955,1.51,1.2,0.9952,8.22,540.41
Ring3_Auto,92,30/06/2020 21:04,721,0,3,1.78,1.1,0.9971,1.59,1.2,0.9965,7.67,498.73
Ring3_Auto,267,30/06/2020 21:34,722,0,3,1.78,1.2,0.994,1.57,1.2,0.9934,7.36,483.69
Ring3_Auto,281,30/06/2020 22:04,723,0,3,1.79,1.2,0.9933,1.55,1.2,0.9925,7.04,500.09
Ring3_Auto,2,30/06/2020 22:34,724,0,3,1.48,1.1,0.9992,1.48,1.1,0.9992,6.79,524.48
Ring3_Auto,105,30/06/2020 23:04,725,0,3,1.52,1.2,0.9969,1.49,1.2,0.9969,6.84,497.59
Ring3_Auto,49,30/06/2020 23:34,726,0,3,1.63,1.1,0.9978,1.51,1.1,0.9974,6.89,500.29
